filename, language, HTML, CSS, JavaScript, JSON, SCSS, XML, Markdown, comment, blank, total
g:\OneDrive - IZI Cloud\FPT\Sem04\7_Project\HTDShop\HTDShop\HTDShop\HTDShop-web\src\main\webapp\HTDManager\Content\adminlte.css, CSS, 0, 23807, 0, 0, 0, 0, 0, 21, 4672, 28500
g:\OneDrive - IZI Cloud\FPT\Sem04\7_Project\HTDShop\HTDShop\HTDShop\HTDShop-web\src\main\webapp\HTDManager\Content\adminlte.min.css, CSS, 0, 3, 0, 0, 0, 0, 0, 9, 0, 12
g:\OneDrive - IZI Cloud\FPT\Sem04\7_Project\HTDShop\HTDShop\HTDShop\HTDShop-web\src\main\webapp\HTDManager\Content\alt\adminlte.components.css, CSS, 0, 3992, 0, 0, 0, 0, 0, 8, 1013, 5013
g:\OneDrive - IZI Cloud\FPT\Sem04\7_Project\HTDShop\HTDShop\HTDShop\HTDShop-web\src\main\webapp\HTDManager\Content\alt\adminlte.components.min.css, CSS, 0, 1, 0, 0, 0, 0, 0, 7, 0, 8
g:\OneDrive - IZI Cloud\FPT\Sem04\7_Project\HTDShop\HTDShop\HTDShop\HTDShop-web\src\main\webapp\HTDManager\Content\alt\adminlte.core.css, CSS, 0, 13193, 0, 0, 0, 0, 0, 14, 2196, 15403
g:\OneDrive - IZI Cloud\FPT\Sem04\7_Project\HTDShop\HTDShop\HTDShop\HTDShop-web\src\main\webapp\HTDManager\Content\alt\adminlte.core.min.css, CSS, 0, 3, 0, 0, 0, 0, 0, 10, 0, 13
g:\OneDrive - IZI Cloud\FPT\Sem04\7_Project\HTDShop\HTDShop\HTDShop\HTDShop-web\src\main\webapp\HTDManager\Content\alt\adminlte.extra-components.css, CSS, 0, 861, 0, 0, 0, 0, 0, 8, 180, 1049
g:\OneDrive - IZI Cloud\FPT\Sem04\7_Project\HTDShop\HTDShop\HTDShop\HTDShop-web\src\main\webapp\HTDManager\Content\alt\adminlte.extra-components.min.css, CSS, 0, 1, 0, 0, 0, 0, 0, 7, 0, 8
g:\OneDrive - IZI Cloud\FPT\Sem04\7_Project\HTDShop\HTDShop\HTDShop\HTDShop-web\src\main\webapp\HTDManager\Content\alt\adminlte.pages.css, CSS, 0, 359, 0, 0, 0, 0, 0, 8, 77, 444
g:\OneDrive - IZI Cloud\FPT\Sem04\7_Project\HTDShop\HTDShop\HTDShop\HTDShop-web\src\main\webapp\HTDManager\Content\alt\adminlte.pages.min.css, CSS, 0, 1, 0, 0, 0, 0, 0, 7, 0, 8
g:\OneDrive - IZI Cloud\FPT\Sem04\7_Project\HTDShop\HTDShop\HTDShop\HTDShop-web\src\main\webapp\HTDManager\Content\alt\adminlte.plugins.css, CSS, 0, 4769, 0, 0, 0, 0, 0, 16, 1196, 5981
g:\OneDrive - IZI Cloud\FPT\Sem04\7_Project\HTDShop\HTDShop\HTDShop\HTDShop-web\src\main\webapp\HTDManager\Content\alt\adminlte.plugins.min.css, CSS, 0, 2, 0, 0, 0, 0, 0, 6, 0, 8
g:\OneDrive - IZI Cloud\FPT\Sem04\7_Project\HTDShop\HTDShop\HTDShop\HTDShop-web\src\main\webapp\HTDManager\Content\font.css, CSS, 0, 196, 0, 0, 0, 0, 0, 28, 1, 225
g:\OneDrive - IZI Cloud\FPT\Sem04\7_Project\HTDShop\HTDShop\HTDShop\HTDShop-web\src\main\webapp\HTDManager\Content\ionicons.min.css, CSS, 0, 2, 0, 0, 0, 0, 0, 9, 1, 12
g:\OneDrive - IZI Cloud\FPT\Sem04\7_Project\HTDShop\HTDShop\HTDShop\HTDShop-web\src\main\webapp\HTDManager\Scripts\adminlte.js, JavaScript, 0, 0, 1276, 0, 0, 0, 0, 238, 300, 1814
g:\OneDrive - IZI Cloud\FPT\Sem04\7_Project\HTDShop\HTDShop\HTDShop\HTDShop-web\src\main\webapp\HTDManager\Scripts\adminlte.min.js, JavaScript, 0, 0, 1, 0, 0, 0, 0, 6, 0, 7
g:\OneDrive - IZI Cloud\FPT\Sem04\7_Project\HTDShop\HTDShop\HTDShop\HTDShop-web\src\main\webapp\HTDManager\Scripts\demo.js, JavaScript, 0, 0, 367, 0, 0, 0, 0, 6, 41, 414
g:\OneDrive - IZI Cloud\FPT\Sem04\7_Project\HTDShop\HTDShop\HTDShop\HTDShop-web\src\main\webapp\HTDManager\Scripts\pages\dashboard.js, JavaScript, 0, 0, 217, 0, 0, 0, 0, 25, 23, 265
g:\OneDrive - IZI Cloud\FPT\Sem04\7_Project\HTDShop\HTDShop\HTDShop\HTDShop-web\src\main\webapp\HTDManager\Scripts\pages\dashboard2.js, JavaScript, 0, 0, 93, 0, 0, 0, 0, 161, 14, 268
g:\OneDrive - IZI Cloud\FPT\Sem04\7_Project\HTDShop\HTDShop\HTDShop\HTDShop-web\src\main\webapp\HTDManager\Scripts\pages\dashboard3.js, JavaScript, 0, 0, 128, 0, 0, 0, 0, 7, 6, 141
g:\OneDrive - IZI Cloud\FPT\Sem04\7_Project\HTDShop\HTDShop\HTDShop\HTDShop-web\src\main\webapp\HTDManager\Scripts\pages\product.js, JavaScript, 0, 0, 50, 0, 0, 0, 0, 10, 3, 63
g:\OneDrive - IZI Cloud\FPT\Sem04\7_Project\HTDShop\HTDShop\HTDShop\HTDShop-web\src\main\webapp\HTDManager\imageslide.html, HTML, 211, 0, 0, 0, 0, 0, 0, 19, 18, 248
g:\OneDrive - IZI Cloud\FPT\Sem04\7_Project\HTDShop\HTDShop\HTDShop\HTDShop-web\src\main\webapp\HTDManager\imageslide_template.html, HTML, 229, 0, 0, 0, 0, 0, 0, 2, 19, 250
g:\OneDrive - IZI Cloud\FPT\Sem04\7_Project\HTDShop\HTDShop\HTDShop\HTDShop-web\src\main\webapp\HTDManager\index.html, HTML, 16, 0, 0, 0, 0, 0, 0, 0, 4, 20
g:\OneDrive - IZI Cloud\FPT\Sem04\7_Project\HTDShop\HTDShop\HTDShop\HTDShop-web\src\main\webapp\HTDManager\layout.html, HTML, 260, 0, 0, 0, 0, 0, 0, 43, 41, 344
g:\OneDrive - IZI Cloud\FPT\Sem04\7_Project\HTDShop\HTDShop\HTDShop\HTDShop-web\src\main\webapp\HTDManager\login.html, HTML, 81, 0, 0, 0, 0, 0, 0, 14, 13, 108
g:\OneDrive - IZI Cloud\FPT\Sem04\7_Project\HTDShop\HTDShop\HTDShop\HTDShop-web\src\main\webapp\HTDManager\plugins\bootstrap\js\bootstrap.bundle.js, JavaScript, 0, 0, 4493, 0, 0, 0, 0, 1359, 1162, 7014
g:\OneDrive - IZI Cloud\FPT\Sem04\7_Project\HTDShop\HTDShop\HTDShop\HTDShop-web\src\main\webapp\HTDManager\plugins\bootstrap\js\bootstrap.bundle.min.js, JavaScript, 0, 0, 1, 0, 0, 0, 0, 6, 0, 7
g:\OneDrive - IZI Cloud\FPT\Sem04\7_Project\HTDShop\HTDShop\HTDShop\HTDShop-web\src\main\webapp\HTDManager\plugins\bootstrap\js\bootstrap.js, JavaScript, 0, 0, 3262, 0, 0, 0, 0, 332, 842, 4436
g:\OneDrive - IZI Cloud\FPT\Sem04\7_Project\HTDShop\HTDShop\HTDShop\HTDShop-web\src\main\webapp\HTDManager\plugins\bootstrap\js\bootstrap.min.js, JavaScript, 0, 0, 1, 0, 0, 0, 0, 6, 0, 7
g:\OneDrive - IZI Cloud\FPT\Sem04\7_Project\HTDShop\HTDShop\HTDShop\HTDShop-web\src\main\webapp\HTDManager\plugins\datatables-autofill\css\autoFill.bootstrap4.css, CSS, 0, 86, 0, 0, 0, 0, 0, 0, 6, 92
g:\OneDrive - IZI Cloud\FPT\Sem04\7_Project\HTDShop\HTDShop\HTDShop\HTDShop-web\src\main\webapp\HTDManager\plugins\datatables-autofill\css\autoFill.bootstrap4.min.css, CSS, 0, 1, 0, 0, 0, 0, 0, 0, 1, 2
g:\OneDrive - IZI Cloud\FPT\Sem04\7_Project\HTDShop\HTDShop\HTDShop\HTDShop-web\src\main\webapp\HTDManager\plugins\datatables-autofill\js\autoFill.bootstrap4.js, JavaScript, 0, 0, 29, 0, 0, 0, 0, 6, 8, 43
g:\OneDrive - IZI Cloud\FPT\Sem04\7_Project\HTDShop\HTDShop\HTDShop\HTDShop-web\src\main\webapp\HTDManager\plugins\datatables-autofill\js\autoFill.bootstrap4.min.js, JavaScript, 0, 0, 1, 0, 0, 0, 0, 4, 1, 6
g:\OneDrive - IZI Cloud\FPT\Sem04\7_Project\HTDShop\HTDShop\HTDShop\HTDShop-web\src\main\webapp\HTDManager\plugins\datatables-autofill\js\dataTables.autoFill.js, JavaScript, 0, 0, 717, 0, 0, 0, 0, 285, 211, 1213
g:\OneDrive - IZI Cloud\FPT\Sem04\7_Project\HTDShop\HTDShop\HTDShop\HTDShop-web\src\main\webapp\HTDManager\plugins\datatables-autofill\js\dataTables.autoFill.min.js, JavaScript, 0, 0, 22, 0, 0, 0, 0, 4, 1, 27
g:\OneDrive - IZI Cloud\FPT\Sem04\7_Project\HTDShop\HTDShop\HTDShop\HTDShop-web\src\main\webapp\HTDManager\plugins\datatables-bs4\css\dataTables.bootstrap4.css, CSS, 0, 197, 0, 0, 0, 0, 0, 0, 10, 207
g:\OneDrive - IZI Cloud\FPT\Sem04\7_Project\HTDShop\HTDShop\HTDShop\HTDShop-web\src\main\webapp\HTDManager\plugins\datatables-bs4\css\dataTables.bootstrap4.min.css, CSS, 0, 1, 0, 0, 0, 0, 0, 0, 1, 2
g:\OneDrive - IZI Cloud\FPT\Sem04\7_Project\HTDShop\HTDShop\HTDShop\HTDShop-web\src\main\webapp\HTDManager\plugins\datatables-bs4\js\dataTables.bootstrap4.js, JavaScript, 0, 0, 131, 0, 0, 0, 0, 26, 28, 185
g:\OneDrive - IZI Cloud\FPT\Sem04\7_Project\HTDShop\HTDShop\HTDShop\HTDShop-web\src\main\webapp\HTDManager\plugins\datatables-bs4\js\dataTables.bootstrap4.min.js, JavaScript, 0, 0, 4, 0, 0, 0, 0, 4, 1, 9
g:\OneDrive - IZI Cloud\FPT\Sem04\7_Project\HTDShop\HTDShop\HTDShop\HTDShop-web\src\main\webapp\HTDManager\plugins\datatables-buttons\css\buttons.bootstrap4.css, CSS, 0, 190, 0, 0, 0, 0, 0, 0, 6, 196
g:\OneDrive - IZI Cloud\FPT\Sem04\7_Project\HTDShop\HTDShop\HTDShop\HTDShop-web\src\main\webapp\HTDManager\plugins\datatables-buttons\css\buttons.bootstrap4.min.css, CSS, 0, 1, 0, 0, 0, 0, 0, 0, 1, 2
g:\OneDrive - IZI Cloud\FPT\Sem04\7_Project\HTDShop\HTDShop\HTDShop\HTDShop-web\src\main\webapp\HTDManager\plugins\datatables-buttons\js\buttons.bootstrap4.js, JavaScript, 0, 0, 55, 0, 0, 0, 0, 6, 8, 69
g:\OneDrive - IZI Cloud\FPT\Sem04\7_Project\HTDShop\HTDShop\HTDShop\HTDShop-web\src\main\webapp\HTDManager\plugins\datatables-buttons\js\buttons.bootstrap4.min.js, JavaScript, 0, 0, 2, 0, 0, 0, 0, 4, 1, 7
g:\OneDrive - IZI Cloud\FPT\Sem04\7_Project\HTDShop\HTDShop\HTDShop\HTDShop-web\src\main\webapp\HTDManager\plugins\datatables-buttons\js\buttons.colVis.js, JavaScript, 0, 0, 152, 0, 0, 0, 0, 21, 34, 207
g:\OneDrive - IZI Cloud\FPT\Sem04\7_Project\HTDShop\HTDShop\HTDShop\HTDShop-web\src\main\webapp\HTDManager\plugins\datatables-buttons\js\buttons.colVis.min.js, JavaScript, 0, 0, 6, 0, 0, 0, 0, 0, 1, 7
g:\OneDrive - IZI Cloud\FPT\Sem04\7_Project\HTDShop\HTDShop\HTDShop\HTDShop-web\src\main\webapp\HTDManager\plugins\datatables-buttons\js\buttons.flash.js, JavaScript, 0, 0, 1048, 0, 0, 0, 0, 189, 220, 1457
g:\OneDrive - IZI Cloud\FPT\Sem04\7_Project\HTDShop\HTDShop\HTDShop\HTDShop-web\src\main\webapp\HTDManager\plugins\datatables-buttons\js\buttons.flash.min.js, JavaScript, 0, 0, 32, 0, 0, 0, 0, 0, 1, 33
g:\OneDrive - IZI Cloud\FPT\Sem04\7_Project\HTDShop\HTDShop\HTDShop\HTDShop-web\src\main\webapp\HTDManager\plugins\datatables-buttons\js\buttons.html5.js, JavaScript, 0, 0, 1097, 0, 0, 0, 0, 153, 210, 1460
g:\OneDrive - IZI Cloud\FPT\Sem04\7_Project\HTDShop\HTDShop\HTDShop\HTDShop-web\src\main\webapp\HTDManager\plugins\datatables-buttons\js\buttons.html5.min.js, JavaScript, 0, 0, 28, 0, 0, 0, 0, 0, 1, 29
g:\OneDrive - IZI Cloud\FPT\Sem04\7_Project\HTDShop\HTDShop\HTDShop\HTDShop-web\src\main\webapp\HTDManager\plugins\datatables-buttons\js\buttons.print.js, JavaScript, 0, 0, 135, 0, 0, 0, 0, 32, 44, 211
g:\OneDrive - IZI Cloud\FPT\Sem04\7_Project\HTDShop\HTDShop\HTDShop\HTDShop-web\src\main\webapp\HTDManager\plugins\datatables-buttons\js\buttons.print.min.js, JavaScript, 0, 0, 5, 0, 0, 0, 0, 0, 1, 6
g:\OneDrive - IZI Cloud\FPT\Sem04\7_Project\HTDShop\HTDShop\HTDShop\HTDShop-web\src\main\webapp\HTDManager\plugins\datatables-buttons\js\dataTables.buttons.js, JavaScript, 0, 0, 1333, 0, 0, 0, 0, 351, 332, 2016
g:\OneDrive - IZI Cloud\FPT\Sem04\7_Project\HTDShop\HTDShop\HTDShop\HTDShop-web\src\main\webapp\HTDManager\plugins\datatables-buttons\js\dataTables.buttons.min.js, JavaScript, 0, 0, 38, 0, 0, 0, 0, 4, 1, 43
g:\OneDrive - IZI Cloud\FPT\Sem04\7_Project\HTDShop\HTDShop\HTDShop\HTDShop-web\src\main\webapp\HTDManager\plugins\datatables-colreorder\css\colReorder.bootstrap4.css, CSS, 0, 10, 0, 0, 0, 0, 0, 0, 2, 12
g:\OneDrive - IZI Cloud\FPT\Sem04\7_Project\HTDShop\HTDShop\HTDShop\HTDShop-web\src\main\webapp\HTDManager\plugins\datatables-colreorder\css\colReorder.bootstrap4.min.css, CSS, 0, 1, 0, 0, 0, 0, 0, 0, 1, 2
g:\OneDrive - IZI Cloud\FPT\Sem04\7_Project\HTDShop\HTDShop\HTDShop\HTDShop-web\src\main\webapp\HTDManager\plugins\datatables-colreorder\js\colReorder.bootstrap4.js, JavaScript, 0, 0, 26, 0, 0, 0, 0, 6, 6, 38
g:\OneDrive - IZI Cloud\FPT\Sem04\7_Project\HTDShop\HTDShop\HTDShop\HTDShop-web\src\main\webapp\HTDManager\plugins\datatables-colreorder\js\colReorder.bootstrap4.min.js, JavaScript, 0, 0, 1, 0, 0, 0, 0, 4, 1, 6
g:\OneDrive - IZI Cloud\FPT\Sem04\7_Project\HTDShop\HTDShop\HTDShop\HTDShop-web\src\main\webapp\HTDManager\plugins\datatables-colreorder\js\dataTables.colReorder.js, JavaScript, 0, 0, 800, 0, 0, 0, 0, 468, 224, 1492
g:\OneDrive - IZI Cloud\FPT\Sem04\7_Project\HTDShop\HTDShop\HTDShop\HTDShop-web\src\main\webapp\HTDManager\plugins\datatables-colreorder\js\dataTables.colReorder.min.js, JavaScript, 0, 0, 26, 0, 0, 0, 0, 4, 1, 31
g:\OneDrive - IZI Cloud\FPT\Sem04\7_Project\HTDShop\HTDShop\HTDShop\HTDShop-web\src\main\webapp\HTDManager\plugins\datatables-fixedcolumns\css\fixedColumns.bootstrap4.css, CSS, 0, 59, 0, 0, 0, 0, 0, 0, 6, 65
g:\OneDrive - IZI Cloud\FPT\Sem04\7_Project\HTDShop\HTDShop\HTDShop\HTDShop-web\src\main\webapp\HTDManager\plugins\datatables-fixedcolumns\css\fixedColumns.bootstrap4.min.css, CSS, 0, 1, 0, 0, 0, 0, 0, 0, 1, 2
g:\OneDrive - IZI Cloud\FPT\Sem04\7_Project\HTDShop\HTDShop\HTDShop\HTDShop-web\src\main\webapp\HTDManager\plugins\datatables-fixedcolumns\js\dataTables.fixedColumns.js, JavaScript, 0, 0, 925, 0, 0, 0, 0, 508, 227, 1660
g:\OneDrive - IZI Cloud\FPT\Sem04\7_Project\HTDShop\HTDShop\HTDShop\HTDShop-web\src\main\webapp\HTDManager\plugins\datatables-fixedcolumns\js\dataTables.fixedColumns.min.js, JavaScript, 0, 0, 31, 0, 0, 0, 0, 4, 1, 36
g:\OneDrive - IZI Cloud\FPT\Sem04\7_Project\HTDShop\HTDShop\HTDShop\HTDShop-web\src\main\webapp\HTDManager\plugins\datatables-fixedcolumns\js\fixedColumns.bootstrap4.js, JavaScript, 0, 0, 26, 0, 0, 0, 0, 6, 6, 38
g:\OneDrive - IZI Cloud\FPT\Sem04\7_Project\HTDShop\HTDShop\HTDShop\HTDShop-web\src\main\webapp\HTDManager\plugins\datatables-fixedcolumns\js\fixedColumns.bootstrap4.min.js, JavaScript, 0, 0, 1, 0, 0, 0, 0, 4, 1, 6
g:\OneDrive - IZI Cloud\FPT\Sem04\7_Project\HTDShop\HTDShop\HTDShop\HTDShop-web\src\main\webapp\HTDManager\plugins\datatables-fixedheader\css\fixedHeader.bootstrap4.css, CSS, 0, 17, 0, 0, 0, 0, 0, 0, 4, 21
g:\OneDrive - IZI Cloud\FPT\Sem04\7_Project\HTDShop\HTDShop\HTDShop\HTDShop-web\src\main\webapp\HTDManager\plugins\datatables-fixedheader\css\fixedHeader.bootstrap4.min.css, CSS, 0, 1, 0, 0, 0, 0, 0, 0, 1, 2
g:\OneDrive - IZI Cloud\FPT\Sem04\7_Project\HTDShop\HTDShop\HTDShop\HTDShop-web\src\main\webapp\HTDManager\plugins\datatables-fixedheader\js\dataTables.fixedHeader.js, JavaScript, 0, 0, 447, 0, 0, 0, 0, 169, 111, 727
g:\OneDrive - IZI Cloud\FPT\Sem04\7_Project\HTDShop\HTDShop\HTDShop\HTDShop-web\src\main\webapp\HTDManager\plugins\datatables-fixedheader\js\dataTables.fixedHeader.min.js, JavaScript, 0, 0, 14, 0, 0, 0, 0, 4, 1, 19
g:\OneDrive - IZI Cloud\FPT\Sem04\7_Project\HTDShop\HTDShop\HTDShop\HTDShop-web\src\main\webapp\HTDManager\plugins\datatables-fixedheader\js\fixedHeader.bootstrap4.js, JavaScript, 0, 0, 26, 0, 0, 0, 0, 6, 6, 38
g:\OneDrive - IZI Cloud\FPT\Sem04\7_Project\HTDShop\HTDShop\HTDShop\HTDShop-web\src\main\webapp\HTDManager\plugins\datatables-fixedheader\js\fixedHeader.bootstrap4.min.js, JavaScript, 0, 0, 1, 0, 0, 0, 0, 4, 1, 6
g:\OneDrive - IZI Cloud\FPT\Sem04\7_Project\HTDShop\HTDShop\HTDShop\HTDShop-web\src\main\webapp\HTDManager\plugins\datatables-keytable\css\keyTable.bootstrap4.css, CSS, 0, 8, 0, 0, 0, 0, 0, 0, 2, 10
g:\OneDrive - IZI Cloud\FPT\Sem04\7_Project\HTDShop\HTDShop\HTDShop\HTDShop-web\src\main\webapp\HTDManager\plugins\datatables-keytable\css\keyTable.bootstrap4.min.css, CSS, 0, 1, 0, 0, 0, 0, 0, 0, 1, 2
g:\OneDrive - IZI Cloud\FPT\Sem04\7_Project\HTDShop\HTDShop\HTDShop\HTDShop-web\src\main\webapp\HTDManager\plugins\datatables-keytable\js\dataTables.keyTable.js, JavaScript, 0, 0, 744, 0, 0, 0, 0, 291, 210, 1245
g:\OneDrive - IZI Cloud\FPT\Sem04\7_Project\HTDShop\HTDShop\HTDShop\HTDShop-web\src\main\webapp\HTDManager\plugins\datatables-keytable\js\dataTables.keyTable.min.js, JavaScript, 0, 0, 21, 0, 0, 0, 0, 4, 1, 26
g:\OneDrive - IZI Cloud\FPT\Sem04\7_Project\HTDShop\HTDShop\HTDShop\HTDShop-web\src\main\webapp\HTDManager\plugins\datatables-keytable\js\keyTable.bootstrap4.js, JavaScript, 0, 0, 26, 0, 0, 0, 0, 6, 6, 38
g:\OneDrive - IZI Cloud\FPT\Sem04\7_Project\HTDShop\HTDShop\HTDShop\HTDShop-web\src\main\webapp\HTDManager\plugins\datatables-keytable\js\keyTable.bootstrap4.min.js, JavaScript, 0, 0, 1, 0, 0, 0, 0, 4, 1, 6
g:\OneDrive - IZI Cloud\FPT\Sem04\7_Project\HTDShop\HTDShop\HTDShop\HTDShop-web\src\main\webapp\HTDManager\plugins\datatables-responsive\css\responsive.bootstrap4.css, CSS, 0, 178, 0, 0, 0, 0, 0, 0, 3, 181
g:\OneDrive - IZI Cloud\FPT\Sem04\7_Project\HTDShop\HTDShop\HTDShop\HTDShop-web\src\main\webapp\HTDManager\plugins\datatables-responsive\css\responsive.bootstrap4.min.css, CSS, 0, 1, 0, 0, 0, 0, 0, 0, 1, 2
g:\OneDrive - IZI Cloud\FPT\Sem04\7_Project\HTDShop\HTDShop\HTDShop\HTDShop-web\src\main\webapp\HTDManager\plugins\datatables-responsive\js\dataTables.responsive.js, JavaScript, 0, 0, 814, 0, 0, 0, 0, 377, 203, 1394
g:\OneDrive - IZI Cloud\FPT\Sem04\7_Project\HTDShop\HTDShop\HTDShop\HTDShop-web\src\main\webapp\HTDManager\plugins\datatables-responsive\js\dataTables.responsive.min.js, JavaScript, 0, 0, 26, 0, 0, 0, 0, 4, 1, 31
g:\OneDrive - IZI Cloud\FPT\Sem04\7_Project\HTDShop\HTDShop\HTDShop\HTDShop-web\src\main\webapp\HTDManager\plugins\datatables-responsive\js\responsive.bootstrap4.js, JavaScript, 0, 0, 67, 0, 0, 0, 0, 6, 13, 86
g:\OneDrive - IZI Cloud\FPT\Sem04\7_Project\HTDShop\HTDShop\HTDShop\HTDShop-web\src\main\webapp\HTDManager\plugins\datatables-responsive\js\responsive.bootstrap4.min.js, JavaScript, 0, 0, 2, 0, 0, 0, 0, 4, 1, 7
g:\OneDrive - IZI Cloud\FPT\Sem04\7_Project\HTDShop\HTDShop\HTDShop\HTDShop-web\src\main\webapp\HTDManager\plugins\datatables-rowgroup\css\rowGroup.bootstrap4.css, CSS, 0, 17, 0, 0, 0, 0, 0, 0, 4, 21
g:\OneDrive - IZI Cloud\FPT\Sem04\7_Project\HTDShop\HTDShop\HTDShop\HTDShop-web\src\main\webapp\HTDManager\plugins\datatables-rowgroup\css\rowGroup.bootstrap4.min.css, CSS, 0, 1, 0, 0, 0, 0, 0, 0, 1, 2
g:\OneDrive - IZI Cloud\FPT\Sem04\7_Project\HTDShop\HTDShop\HTDShop\HTDShop-web\src\main\webapp\HTDManager\plugins\datatables-rowgroup\js\dataTables.rowGroup.js, JavaScript, 0, 0, 249, 0, 0, 0, 0, 141, 83, 473
g:\OneDrive - IZI Cloud\FPT\Sem04\7_Project\HTDShop\HTDShop\HTDShop\HTDShop-web\src\main\webapp\HTDManager\plugins\datatables-rowgroup\js\dataTables.rowGroup.min.js, JavaScript, 0, 0, 8, 0, 0, 0, 0, 4, 1, 13
g:\OneDrive - IZI Cloud\FPT\Sem04\7_Project\HTDShop\HTDShop\HTDShop\HTDShop-web\src\main\webapp\HTDManager\plugins\datatables-rowgroup\js\rowGroup.bootstrap4.js, JavaScript, 0, 0, 26, 0, 0, 0, 0, 6, 6, 38
g:\OneDrive - IZI Cloud\FPT\Sem04\7_Project\HTDShop\HTDShop\HTDShop\HTDShop-web\src\main\webapp\HTDManager\plugins\datatables-rowgroup\js\rowGroup.bootstrap4.min.js, JavaScript, 0, 0, 1, 0, 0, 0, 0, 4, 1, 6
g:\OneDrive - IZI Cloud\FPT\Sem04\7_Project\HTDShop\HTDShop\HTDShop\HTDShop-web\src\main\webapp\HTDManager\plugins\datatables-rowreorder\css\rowReorder.bootstrap4.css, CSS, 0, 19, 0, 0, 0, 0, 0, 0, 4, 23
g:\OneDrive - IZI Cloud\FPT\Sem04\7_Project\HTDShop\HTDShop\HTDShop\HTDShop-web\src\main\webapp\HTDManager\plugins\datatables-rowreorder\css\rowReorder.bootstrap4.min.css, CSS, 0, 1, 0, 0, 0, 0, 0, 0, 1, 2
g:\OneDrive - IZI Cloud\FPT\Sem04\7_Project\HTDShop\HTDShop\HTDShop\HTDShop-web\src\main\webapp\HTDManager\plugins\datatables-rowreorder\js\dataTables.rowReorder.js, JavaScript, 0, 0, 436, 0, 0, 0, 0, 256, 128, 820
g:\OneDrive - IZI Cloud\FPT\Sem04\7_Project\HTDShop\HTDShop\HTDShop\HTDShop-web\src\main\webapp\HTDManager\plugins\datatables-rowreorder\js\dataTables.rowReorder.min.js, JavaScript, 0, 0, 14, 0, 0, 0, 0, 4, 1, 19
g:\OneDrive - IZI Cloud\FPT\Sem04\7_Project\HTDShop\HTDShop\HTDShop\HTDShop-web\src\main\webapp\HTDManager\plugins\datatables-rowreorder\js\rowReorder.bootstrap4.js, JavaScript, 0, 0, 26, 0, 0, 0, 0, 6, 6, 38
g:\OneDrive - IZI Cloud\FPT\Sem04\7_Project\HTDShop\HTDShop\HTDShop\HTDShop-web\src\main\webapp\HTDManager\plugins\datatables-rowreorder\js\rowReorder.bootstrap4.min.js, JavaScript, 0, 0, 1, 0, 0, 0, 0, 4, 1, 6
g:\OneDrive - IZI Cloud\FPT\Sem04\7_Project\HTDShop\HTDShop\HTDShop\HTDShop-web\src\main\webapp\HTDManager\plugins\datatables-scroller\css\scroller.bootstrap4.css, CSS, 0, 35, 0, 0, 0, 0, 0, 0, 2, 37
g:\OneDrive - IZI Cloud\FPT\Sem04\7_Project\HTDShop\HTDShop\HTDShop\HTDShop-web\src\main\webapp\HTDManager\plugins\datatables-scroller\css\scroller.bootstrap4.min.css, CSS, 0, 1, 0, 0, 0, 0, 0, 0, 1, 2
g:\OneDrive - IZI Cloud\FPT\Sem04\7_Project\HTDShop\HTDShop\HTDShop\HTDShop-web\src\main\webapp\HTDManager\plugins\datatables-scroller\js\dataTables.scroller.js, JavaScript, 0, 0, 661, 0, 0, 0, 0, 453, 186, 1300
g:\OneDrive - IZI Cloud\FPT\Sem04\7_Project\HTDShop\HTDShop\HTDShop\HTDShop-web\src\main\webapp\HTDManager\plugins\datatables-scroller\js\dataTables.scroller.min.js, JavaScript, 0, 0, 24, 0, 0, 0, 0, 4, 1, 29
g:\OneDrive - IZI Cloud\FPT\Sem04\7_Project\HTDShop\HTDShop\HTDShop\HTDShop-web\src\main\webapp\HTDManager\plugins\datatables-scroller\js\scroller.bootstrap4.js, JavaScript, 0, 0, 26, 0, 0, 0, 0, 6, 6, 38
g:\OneDrive - IZI Cloud\FPT\Sem04\7_Project\HTDShop\HTDShop\HTDShop\HTDShop-web\src\main\webapp\HTDManager\plugins\datatables-scroller\js\scroller.bootstrap4.min.js, JavaScript, 0, 0, 1, 0, 0, 0, 0, 4, 1, 6
g:\OneDrive - IZI Cloud\FPT\Sem04\7_Project\HTDShop\HTDShop\HTDShop\HTDShop-web\src\main\webapp\HTDManager\plugins\datatables-select\css\select.bootstrap4.css, CSS, 0, 113, 0, 0, 0, 0, 0, 0, 3, 116
g:\OneDrive - IZI Cloud\FPT\Sem04\7_Project\HTDShop\HTDShop\HTDShop\HTDShop-web\src\main\webapp\HTDManager\plugins\datatables-select\css\select.bootstrap4.min.css, CSS, 0, 1, 0, 0, 0, 0, 0, 0, 1, 2
g:\OneDrive - IZI Cloud\FPT\Sem04\7_Project\HTDShop\HTDShop\HTDShop\HTDShop-web\src\main\webapp\HTDManager\plugins\datatables-select\js\dataTables.select.js, JavaScript, 0, 0, 743, 0, 0, 0, 0, 263, 201, 1207
g:\OneDrive - IZI Cloud\FPT\Sem04\7_Project\HTDShop\HTDShop\HTDShop\HTDShop-web\src\main\webapp\HTDManager\plugins\datatables-select\js\dataTables.select.min.js, JavaScript, 0, 0, 24, 0, 0, 0, 0, 4, 1, 29
g:\OneDrive - IZI Cloud\FPT\Sem04\7_Project\HTDShop\HTDShop\HTDShop\HTDShop-web\src\main\webapp\HTDManager\plugins\datatables-select\js\select.bootstrap4.js, JavaScript, 0, 0, 26, 0, 0, 0, 0, 6, 6, 38
g:\OneDrive - IZI Cloud\FPT\Sem04\7_Project\HTDShop\HTDShop\HTDShop\HTDShop-web\src\main\webapp\HTDManager\plugins\datatables-select\js\select.bootstrap4.min.js, JavaScript, 0, 0, 1, 0, 0, 0, 0, 4, 1, 6
g:\OneDrive - IZI Cloud\FPT\Sem04\7_Project\HTDShop\HTDShop\HTDShop\HTDShop-web\src\main\webapp\HTDManager\plugins\datatables\jquery.dataTables.js, JavaScript, 0, 0, 6361, 0, 0, 0, 0, 6989, 1985, 15335
g:\OneDrive - IZI Cloud\FPT\Sem04\7_Project\HTDShop\HTDShop\HTDShop\HTDShop-web\src\main\webapp\HTDManager\plugins\datatables\jquery.dataTables.min.js, JavaScript, 0, 0, 162, 0, 0, 0, 0, 4, 1, 167
g:\OneDrive - IZI Cloud\FPT\Sem04\7_Project\HTDShop\HTDShop\HTDShop\HTDShop-web\src\main\webapp\HTDManager\plugins\daterangepicker\bower.json, JSON, 0, 0, 0, 20, 0, 0, 0, 0, 1, 21
g:\OneDrive - IZI Cloud\FPT\Sem04\7_Project\HTDShop\HTDShop\HTDShop\HTDShop-web\src\main\webapp\HTDManager\plugins\daterangepicker\daterangepicker.css, CSS, 0, 337, 0, 0, 0, 0, 0, 1, 73, 411
g:\OneDrive - IZI Cloud\FPT\Sem04\7_Project\HTDShop\HTDShop\HTDShop\HTDShop-web\src\main\webapp\HTDManager\plugins\daterangepicker\daterangepicker.js, JavaScript, 0, 0, 1158, 0, 0, 0, 0, 115, 293, 1566
g:\OneDrive - IZI Cloud\FPT\Sem04\7_Project\HTDShop\HTDShop\HTDShop\HTDShop-web\src\main\webapp\HTDManager\plugins\daterangepicker\example\amd\index.html, HTML, 167, 0, 0, 0, 0, 0, 0, 0, 44, 211
g:\OneDrive - IZI Cloud\FPT\Sem04\7_Project\HTDShop\HTDShop\HTDShop\HTDShop-web\src\main\webapp\HTDManager\plugins\daterangepicker\example\amd\main.js, JavaScript, 0, 0, 104, 0, 0, 0, 0, 0, 38, 142
g:\OneDrive - IZI Cloud\FPT\Sem04\7_Project\HTDShop\HTDShop\HTDShop\HTDShop-web\src\main\webapp\HTDManager\plugins\daterangepicker\example\amd\require.js, JavaScript, 0, 0, 32, 0, 0, 0, 0, 4, 1, 37
g:\OneDrive - IZI Cloud\FPT\Sem04\7_Project\HTDShop\HTDShop\HTDShop\HTDShop-web\src\main\webapp\HTDManager\plugins\daterangepicker\example\browserify\README.md, Markdown, 0, 0, 0, 0, 0, 0, 6, 0, 6, 12
g:\OneDrive - IZI Cloud\FPT\Sem04\7_Project\HTDShop\HTDShop\HTDShop\HTDShop-web\src\main\webapp\HTDManager\plugins\daterangepicker\example\browserify\bundle.js, JavaScript, 0, 0, 0, 0, 0, 0, 0, 0, 1, 1
g:\OneDrive - IZI Cloud\FPT\Sem04\7_Project\HTDShop\HTDShop\HTDShop\HTDShop-web\src\main\webapp\HTDManager\plugins\daterangepicker\example\browserify\index.html, HTML, 167, 0, 0, 0, 0, 0, 0, 0, 43, 210
g:\OneDrive - IZI Cloud\FPT\Sem04\7_Project\HTDShop\HTDShop\HTDShop\HTDShop-web\src\main\webapp\HTDManager\plugins\daterangepicker\example\browserify\main.js, JavaScript, 0, 0, 98, 0, 0, 0, 0, 0, 38, 136
g:\OneDrive - IZI Cloud\FPT\Sem04\7_Project\HTDShop\HTDShop\HTDShop\HTDShop-web\src\main\webapp\HTDManager\plugins\daterangepicker\moment.min.js, JavaScript, 0, 0, 1, 0, 0, 0, 0, 0, 0, 1
g:\OneDrive - IZI Cloud\FPT\Sem04\7_Project\HTDShop\HTDShop\HTDShop\HTDShop-web\src\main\webapp\HTDManager\plugins\daterangepicker\package.js, JavaScript, 0, 0, 14, 0, 0, 0, 0, 0, 4, 18
g:\OneDrive - IZI Cloud\FPT\Sem04\7_Project\HTDShop\HTDShop\HTDShop\HTDShop-web\src\main\webapp\HTDManager\plugins\daterangepicker\website.css, CSS, 0, 129, 0, 0, 0, 0, 0, 0, 23, 152
g:\OneDrive - IZI Cloud\FPT\Sem04\7_Project\HTDShop\HTDShop\HTDShop\HTDShop-web\src\main\webapp\HTDManager\plugins\daterangepicker\website.js, JavaScript, 0, 0, 133, 0, 0, 0, 0, 1, 46, 180
g:\OneDrive - IZI Cloud\FPT\Sem04\7_Project\HTDShop\HTDShop\HTDShop\HTDShop-web\src\main\webapp\HTDManager\plugins\daterangepicker\website\index.html, HTML, 608, 0, 0, 0, 0, 0, 0, 9, 128, 745
g:\OneDrive - IZI Cloud\FPT\Sem04\7_Project\HTDShop\HTDShop\HTDShop\HTDShop-web\src\main\webapp\HTDManager\plugins\daterangepicker\website\website.css, CSS, 0, 129, 0, 0, 0, 0, 0, 0, 23, 152
g:\OneDrive - IZI Cloud\FPT\Sem04\7_Project\HTDShop\HTDShop\HTDShop\HTDShop-web\src\main\webapp\HTDManager\plugins\daterangepicker\website\website.js, JavaScript, 0, 0, 133, 0, 0, 0, 0, 1, 46, 180
g:\OneDrive - IZI Cloud\FPT\Sem04\7_Project\HTDShop\HTDShop\HTDShop\HTDShop-web\src\main\webapp\HTDManager\plugins\fontawesome-free\css\all.css, CSS, 0, 2981, 0, 0, 0, 0, 0, 6, 1437, 4424
g:\OneDrive - IZI Cloud\FPT\Sem04\7_Project\HTDShop\HTDShop\HTDShop\HTDShop-web\src\main\webapp\HTDManager\plugins\fontawesome-free\css\all.min.css, CSS, 0, 1, 0, 0, 0, 0, 0, 4, 0, 5
g:\OneDrive - IZI Cloud\FPT\Sem04\7_Project\HTDShop\HTDShop\HTDShop\HTDShop-web\src\main\webapp\HTDManager\plugins\fontawesome-free\css\brands.css, CSS, 0, 9, 0, 0, 0, 0, 0, 4, 2, 15
g:\OneDrive - IZI Cloud\FPT\Sem04\7_Project\HTDShop\HTDShop\HTDShop\HTDShop-web\src\main\webapp\HTDManager\plugins\fontawesome-free\css\brands.min.css, CSS, 0, 1, 0, 0, 0, 0, 0, 4, 0, 5
g:\OneDrive - IZI Cloud\FPT\Sem04\7_Project\HTDShop\HTDShop\HTDShop\HTDShop-web\src\main\webapp\HTDManager\plugins\fontawesome-free\css\fontawesome.css, CSS, 0, 2951, 0, 0, 0, 0, 0, 6, 1434, 4391
g:\OneDrive - IZI Cloud\FPT\Sem04\7_Project\HTDShop\HTDShop\HTDShop\HTDShop-web\src\main\webapp\HTDManager\plugins\fontawesome-free\css\fontawesome.min.css, CSS, 0, 1, 0, 0, 0, 0, 0, 4, 0, 5
g:\OneDrive - IZI Cloud\FPT\Sem04\7_Project\HTDShop\HTDShop\HTDShop\HTDShop-web\src\main\webapp\HTDManager\plugins\fontawesome-free\css\regular.css, CSS, 0, 10, 0, 0, 0, 0, 0, 4, 2, 16
g:\OneDrive - IZI Cloud\FPT\Sem04\7_Project\HTDShop\HTDShop\HTDShop\HTDShop-web\src\main\webapp\HTDManager\plugins\fontawesome-free\css\regular.min.css, CSS, 0, 1, 0, 0, 0, 0, 0, 4, 0, 5
g:\OneDrive - IZI Cloud\FPT\Sem04\7_Project\HTDShop\HTDShop\HTDShop\HTDShop-web\src\main\webapp\HTDManager\plugins\fontawesome-free\css\solid.css, CSS, 0, 11, 0, 0, 0, 0, 0, 4, 2, 17
g:\OneDrive - IZI Cloud\FPT\Sem04\7_Project\HTDShop\HTDShop\HTDShop\HTDShop-web\src\main\webapp\HTDManager\plugins\fontawesome-free\css\solid.min.css, CSS, 0, 1, 0, 0, 0, 0, 0, 4, 0, 5
g:\OneDrive - IZI Cloud\FPT\Sem04\7_Project\HTDShop\HTDShop\HTDShop\HTDShop-web\src\main\webapp\HTDManager\plugins\fontawesome-free\css\svg-with-js.css, CSS, 0, 312, 0, 0, 0, 0, 0, 4, 56, 372
g:\OneDrive - IZI Cloud\FPT\Sem04\7_Project\HTDShop\HTDShop\HTDShop\HTDShop-web\src\main\webapp\HTDManager\plugins\fontawesome-free\css\svg-with-js.min.css, CSS, 0, 1, 0, 0, 0, 0, 0, 4, 0, 5
g:\OneDrive - IZI Cloud\FPT\Sem04\7_Project\HTDShop\HTDShop\HTDShop\HTDShop-web\src\main\webapp\HTDManager\plugins\fontawesome-free\css\v4-shims.css, CSS, 0, 1552, 0, 0, 0, 0, 0, 4, 611, 2167
g:\OneDrive - IZI Cloud\FPT\Sem04\7_Project\HTDShop\HTDShop\HTDShop\HTDShop-web\src\main\webapp\HTDManager\plugins\fontawesome-free\css\v4-shims.min.css, CSS, 0, 1, 0, 0, 0, 0, 0, 4, 0, 5
g:\OneDrive - IZI Cloud\FPT\Sem04\7_Project\HTDShop\HTDShop\HTDShop\HTDShop-web\src\main\webapp\HTDManager\plugins\fontawesome-free\webfonts\fa-brands-400.svg, XML, 0, 0, 0, 0, 0, 3492, 0, 4, 1, 3497
g:\OneDrive - IZI Cloud\FPT\Sem04\7_Project\HTDShop\HTDShop\HTDShop\HTDShop-web\src\main\webapp\HTDManager\plugins\fontawesome-free\webfonts\fa-regular-400.svg, XML, 0, 0, 0, 0, 0, 799, 0, 4, 1, 804
g:\OneDrive - IZI Cloud\FPT\Sem04\7_Project\HTDShop\HTDShop\HTDShop\HTDShop-web\src\main\webapp\HTDManager\plugins\fontawesome-free\webfonts\fa-solid-900.svg, XML, 0, 0, 0, 0, 0, 4663, 0, 4, 1, 4668
g:\OneDrive - IZI Cloud\FPT\Sem04\7_Project\HTDShop\HTDShop\HTDShop\HTDShop-web\src\main\webapp\HTDManager\plugins\icheck-bootstrap\icheck-bootstrap.css, CSS, 0, 321, 0, 0, 0, 0, 0, 5, 65, 391
g:\OneDrive - IZI Cloud\FPT\Sem04\7_Project\HTDShop\HTDShop\HTDShop\HTDShop-web\src\main\webapp\HTDManager\plugins\icheck-bootstrap\icheck-bootstrap.min.css, CSS, 0, 1, 0, 0, 0, 0, 0, 4, 0, 5
g:\OneDrive - IZI Cloud\FPT\Sem04\7_Project\HTDShop\HTDShop\HTDShop\HTDShop-web\src\main\webapp\HTDManager\plugins\jquery\core.js, JavaScript, 0, 0, 256, 0, 0, 0, 0, 60, 84, 400
g:\OneDrive - IZI Cloud\FPT\Sem04\7_Project\HTDShop\HTDShop\HTDShop\HTDShop-web\src\main\webapp\HTDManager\plugins\jquery\jquery.cookie.js, JavaScript, 0, 0, 72, 0, 0, 0, 0, 22, 24, 118
g:\OneDrive - IZI Cloud\FPT\Sem04\7_Project\HTDShop\HTDShop\HTDShop\HTDShop-web\src\main\webapp\HTDManager\plugins\jquery\jquery.js, JavaScript, 0, 0, 6800, 0, 0, 0, 0, 1810, 1989, 10599
g:\OneDrive - IZI Cloud\FPT\Sem04\7_Project\HTDShop\HTDShop\HTDShop\HTDShop-web\src\main\webapp\HTDManager\plugins\jquery\jquery.min.js, JavaScript, 0, 0, 1, 0, 0, 0, 0, 1, 1, 3
g:\OneDrive - IZI Cloud\FPT\Sem04\7_Project\HTDShop\HTDShop\HTDShop\HTDShop-web\src\main\webapp\HTDManager\plugins\jquery\jquery.slim.js, JavaScript, 0, 0, 5413, 0, 0, 0, 0, 1478, 1605, 8496
g:\OneDrive - IZI Cloud\FPT\Sem04\7_Project\HTDShop\HTDShop\HTDShop\HTDShop-web\src\main\webapp\HTDManager\plugins\jquery\jquery.slim.min.js, JavaScript, 0, 0, 1, 0, 0, 0, 0, 1, 1, 3
g:\OneDrive - IZI Cloud\FPT\Sem04\7_Project\HTDShop\HTDShop\HTDShop\HTDShop-web\src\main\webapp\HTDManager\plugins\moment\locale\af.js, JavaScript, 0, 0, 66, 0, 0, 0, 0, 1, 6, 73
g:\OneDrive - IZI Cloud\FPT\Sem04\7_Project\HTDShop\HTDShop\HTDShop\HTDShop-web\src\main\webapp\HTDManager\plugins\moment\locale\ar-dz.js, JavaScript, 0, 0, 52, 0, 0, 0, 0, 1, 6, 59
g:\OneDrive - IZI Cloud\FPT\Sem04\7_Project\HTDShop\HTDShop\HTDShop\HTDShop-web\src\main\webapp\HTDManager\plugins\moment\locale\ar-kw.js, JavaScript, 0, 0, 52, 0, 0, 0, 0, 1, 6, 59
g:\OneDrive - IZI Cloud\FPT\Sem04\7_Project\HTDShop\HTDShop\HTDShop\HTDShop-web\src\main\webapp\HTDManager\plugins\moment\locale\ar-ly.js, JavaScript, 0, 0, 114, 0, 0, 0, 0, 1, 7, 122
g:\OneDrive - IZI Cloud\FPT\Sem04\7_Project\HTDShop\HTDShop\HTDShop\HTDShop-web\src\main\webapp\HTDManager\plugins\moment\locale\ar-ma.js, JavaScript, 0, 0, 52, 0, 0, 0, 0, 1, 6, 59
g:\OneDrive - IZI Cloud\FPT\Sem04\7_Project\HTDShop\HTDShop\HTDShop\HTDShop-web\src\main\webapp\HTDManager\plugins\moment\locale\ar-sa.js, JavaScript, 0, 0, 96, 0, 0, 0, 0, 1, 7, 104
g:\OneDrive - IZI Cloud\FPT\Sem04\7_Project\HTDShop\HTDShop\HTDShop\HTDShop-web\src\main\webapp\HTDManager\plugins\moment\locale\ar-tn.js, JavaScript, 0, 0, 52, 0, 0, 0, 0, 1, 6, 59
g:\OneDrive - IZI Cloud\FPT\Sem04\7_Project\HTDShop\HTDShop\HTDShop\HTDShop-web\src\main\webapp\HTDManager\plugins\moment\locale\ar.js, JavaScript, 0, 0, 127, 0, 0, 0, 0, 1, 7, 135
g:\OneDrive - IZI Cloud\FPT\Sem04\7_Project\HTDShop\HTDShop\HTDShop\HTDShop-web\src\main\webapp\HTDManager\plugins\moment\locale\az.js, JavaScript, 0, 0, 97, 0, 0, 0, 0, 1, 7, 105
g:\OneDrive - IZI Cloud\FPT\Sem04\7_Project\HTDShop\HTDShop\HTDShop\HTDShop-web\src\main\webapp\HTDManager\plugins\moment\locale\be.js, JavaScript, 0, 0, 124, 0, 0, 0, 0, 1, 7, 132
g:\OneDrive - IZI Cloud\FPT\Sem04\7_Project\HTDShop\HTDShop\HTDShop\HTDShop-web\src\main\webapp\HTDManager\plugins\moment\locale\bg.js, JavaScript, 0, 0, 83, 0, 0, 0, 0, 1, 6, 90
g:\OneDrive - IZI Cloud\FPT\Sem04\7_Project\HTDShop\HTDShop\HTDShop\HTDShop-web\src\main\webapp\HTDManager\plugins\moment\locale\bm.js, JavaScript, 0, 0, 51, 0, 0, 0, 0, 1, 6, 58
g:\OneDrive - IZI Cloud\FPT\Sem04\7_Project\HTDShop\HTDShop\HTDShop\HTDShop-web\src\main\webapp\HTDManager\plugins\moment\locale\bn.js, JavaScript, 0, 0, 111, 0, 0, 0, 0, 1, 7, 119
g:\OneDrive - IZI Cloud\FPT\Sem04\7_Project\HTDShop\HTDShop\HTDShop\HTDShop-web\src\main\webapp\HTDManager\plugins\moment\locale\bo.js, JavaScript, 0, 0, 111, 0, 0, 0, 0, 1, 7, 119
g:\OneDrive - IZI Cloud\FPT\Sem04\7_Project\HTDShop\HTDShop\HTDShop\HTDShop-web\src\main\webapp\HTDManager\plugins\moment\locale\br.js, JavaScript, 0, 0, 100, 0, 0, 0, 0, 1, 7, 108
g:\OneDrive - IZI Cloud\FPT\Sem04\7_Project\HTDShop\HTDShop\HTDShop\HTDShop-web\src\main\webapp\HTDManager\plugins\moment\locale\bs.js, JavaScript, 0, 0, 143, 0, 0, 0, 0, 1, 7, 151
g:\OneDrive - IZI Cloud\FPT\Sem04\7_Project\HTDShop\HTDShop\HTDShop\HTDShop-web\src\main\webapp\HTDManager\plugins\moment\locale\ca.js, JavaScript, 0, 0, 81, 0, 0, 0, 0, 1, 6, 88
g:\OneDrive - IZI Cloud\FPT\Sem04\7_Project\HTDShop\HTDShop\HTDShop\HTDShop-web\src\main\webapp\HTDManager\plugins\moment\locale\cs.js, JavaScript, 0, 0, 158, 0, 0, 0, 0, 5, 9, 172
g:\OneDrive - IZI Cloud\FPT\Sem04\7_Project\HTDShop\HTDShop\HTDShop\HTDShop-web\src\main\webapp\HTDManager\plugins\moment\locale\cv.js, JavaScript, 0, 0, 56, 0, 0, 0, 0, 1, 6, 63
g:\OneDrive - IZI Cloud\FPT\Sem04\7_Project\HTDShop\HTDShop\HTDShop\HTDShop-web\src\main\webapp\HTDManager\plugins\moment\locale\cy.js, JavaScript, 0, 0, 71, 0, 0, 0, 0, 3, 6, 80
g:\OneDrive - IZI Cloud\FPT\Sem04\7_Project\HTDShop\HTDShop\HTDShop\HTDShop-web\src\main\webapp\HTDManager\plugins\moment\locale\da.js, JavaScript, 0, 0, 53, 0, 0, 0, 0, 1, 6, 60
g:\OneDrive - IZI Cloud\FPT\Sem04\7_Project\HTDShop\HTDShop\HTDShop\HTDShop-web\src\main\webapp\HTDManager\plugins\moment\locale\de-at.js, JavaScript, 0, 0, 68, 0, 0, 0, 0, 1, 7, 76
g:\OneDrive - IZI Cloud\FPT\Sem04\7_Project\HTDShop\HTDShop\HTDShop\HTDShop-web\src\main\webapp\HTDManager\plugins\moment\locale\de-ch.js, JavaScript, 0, 0, 68, 0, 0, 0, 0, 1, 7, 76
g:\OneDrive - IZI Cloud\FPT\Sem04\7_Project\HTDShop\HTDShop\HTDShop\HTDShop-web\src\main\webapp\HTDManager\plugins\moment\locale\de.js, JavaScript, 0, 0, 68, 0, 0, 0, 0, 1, 7, 76
g:\OneDrive - IZI Cloud\FPT\Sem04\7_Project\HTDShop\HTDShop\HTDShop\HTDShop-web\src\main\webapp\HTDManager\plugins\moment\locale\dv.js, JavaScript, 0, 0, 90, 0, 0, 0, 0, 1, 8, 99
g:\OneDrive - IZI Cloud\FPT\Sem04\7_Project\HTDShop\HTDShop\HTDShop\HTDShop-web\src\main\webapp\HTDManager\plugins\moment\locale\el.js, JavaScript, 0, 0, 92, 0, 0, 0, 0, 1, 7, 100
g:\OneDrive - IZI Cloud\FPT\Sem04\7_Project\HTDShop\HTDShop\HTDShop\HTDShop-web\src\main\webapp\HTDManager\plugins\moment\locale\en-SG.js, JavaScript, 0, 0, 60, 0, 0, 0, 0, 1, 6, 67
g:\OneDrive - IZI Cloud\FPT\Sem04\7_Project\HTDShop\HTDShop\HTDShop\HTDShop-web\src\main\webapp\HTDManager\plugins\moment\locale\en-au.js, JavaScript, 0, 0, 60, 0, 0, 0, 0, 1, 6, 67
g:\OneDrive - IZI Cloud\FPT\Sem04\7_Project\HTDShop\HTDShop\HTDShop\HTDShop-web\src\main\webapp\HTDManager\plugins\moment\locale\en-ca.js, JavaScript, 0, 0, 56, 0, 0, 0, 0, 1, 6, 63
g:\OneDrive - IZI Cloud\FPT\Sem04\7_Project\HTDShop\HTDShop\HTDShop\HTDShop-web\src\main\webapp\HTDManager\plugins\moment\locale\en-gb.js, JavaScript, 0, 0, 60, 0, 0, 0, 0, 1, 6, 67
g:\OneDrive - IZI Cloud\FPT\Sem04\7_Project\HTDShop\HTDShop\HTDShop\HTDShop-web\src\main\webapp\HTDManager\plugins\moment\locale\en-ie.js, JavaScript, 0, 0, 60, 0, 0, 0, 0, 1, 6, 67
g:\OneDrive - IZI Cloud\FPT\Sem04\7_Project\HTDShop\HTDShop\HTDShop\HTDShop-web\src\main\webapp\HTDManager\plugins\moment\locale\en-il.js, JavaScript, 0, 0, 55, 0, 0, 0, 0, 1, 6, 62
g:\OneDrive - IZI Cloud\FPT\Sem04\7_Project\HTDShop\HTDShop\HTDShop\HTDShop-web\src\main\webapp\HTDManager\plugins\moment\locale\en-nz.js, JavaScript, 0, 0, 60, 0, 0, 0, 0, 1, 6, 67
g:\OneDrive - IZI Cloud\FPT\Sem04\7_Project\HTDShop\HTDShop\HTDShop\HTDShop-web\src\main\webapp\HTDManager\plugins\moment\locale\eo.js, JavaScript, 0, 0, 64, 0, 0, 0, 0, 1, 6, 71
g:\OneDrive - IZI Cloud\FPT\Sem04\7_Project\HTDShop\HTDShop\HTDShop\HTDShop-web\src\main\webapp\HTDManager\plugins\moment\locale\es-do.js, JavaScript, 0, 0, 83, 0, 0, 0, 0, 1, 8, 92
g:\OneDrive - IZI Cloud\FPT\Sem04\7_Project\HTDShop\HTDShop\HTDShop\HTDShop-web\src\main\webapp\HTDManager\plugins\moment\locale\es-us.js, JavaScript, 0, 0, 83, 0, 0, 0, 0, 1, 8, 92
g:\OneDrive - IZI Cloud\FPT\Sem04\7_Project\HTDShop\HTDShop\HTDShop\HTDShop-web\src\main\webapp\HTDManager\plugins\moment\locale\es.js, JavaScript, 0, 0, 83, 0, 0, 0, 0, 1, 8, 92
g:\OneDrive - IZI Cloud\FPT\Sem04\7_Project\HTDShop\HTDShop\HTDShop\HTDShop-web\src\main\webapp\HTDManager\plugins\moment\locale\et.js, JavaScript, 0, 0, 72, 0, 0, 0, 0, 1, 7, 80
g:\OneDrive - IZI Cloud\FPT\Sem04\7_Project\HTDShop\HTDShop\HTDShop\HTDShop-web\src\main\webapp\HTDManager\plugins\moment\locale\eu.js, JavaScript, 0, 0, 59, 0, 0, 0, 0, 1, 6, 66
g:\OneDrive - IZI Cloud\FPT\Sem04\7_Project\HTDShop\HTDShop\HTDShop\HTDShop-web\src\main\webapp\HTDManager\plugins\moment\locale\fa.js, JavaScript, 0, 0, 98, 0, 0, 0, 0, 1, 7, 106
g:\OneDrive - IZI Cloud\FPT\Sem04\7_Project\HTDShop\HTDShop\HTDShop\HTDShop-web\src\main\webapp\HTDManager\plugins\moment\locale\fi.js, JavaScript, 0, 0, 101, 0, 0, 0, 0, 1, 7, 109
g:\OneDrive - IZI Cloud\FPT\Sem04\7_Project\HTDShop\HTDShop\HTDShop\HTDShop-web\src\main\webapp\HTDManager\plugins\moment\locale\fo.js, JavaScript, 0, 0, 53, 0, 0, 0, 0, 1, 6, 60
g:\OneDrive - IZI Cloud\FPT\Sem04\7_Project\HTDShop\HTDShop\HTDShop\HTDShop-web\src\main\webapp\HTDManager\plugins\moment\locale\fr-ca.js, JavaScript, 0, 0, 64, 0, 0, 0, 0, 3, 7, 74
g:\OneDrive - IZI Cloud\FPT\Sem04\7_Project\HTDShop\HTDShop\HTDShop\HTDShop-web\src\main\webapp\HTDManager\plugins\moment\locale\fr-ch.js, JavaScript, 0, 0, 68, 0, 0, 0, 0, 3, 7, 78
g:\OneDrive - IZI Cloud\FPT\Sem04\7_Project\HTDShop\HTDShop\HTDShop\HTDShop-web\src\main\webapp\HTDManager\plugins\moment\locale\fr.js, JavaScript, 0, 0, 69, 0, 0, 0, 0, 6, 8, 83
g:\OneDrive - IZI Cloud\FPT\Sem04\7_Project\HTDShop\HTDShop\HTDShop\HTDShop-web\src\main\webapp\HTDManager\plugins\moment\locale\fy.js, JavaScript, 0, 0, 67, 0, 0, 0, 0, 1, 7, 75
g:\OneDrive - IZI Cloud\FPT\Sem04\7_Project\HTDShop\HTDShop\HTDShop\HTDShop-web\src\main\webapp\HTDManager\plugins\moment\locale\ga.js, JavaScript, 0, 0, 64, 0, 0, 0, 0, 1, 12, 77
g:\OneDrive - IZI Cloud\FPT\Sem04\7_Project\HTDShop\HTDShop\HTDShop\HTDShop-web\src\main\webapp\HTDManager\plugins\moment\locale\gd.js, JavaScript, 0, 0, 64, 0, 0, 0, 0, 1, 11, 76
g:\OneDrive - IZI Cloud\FPT\Sem04\7_Project\HTDShop\HTDShop\HTDShop\HTDShop-web\src\main\webapp\HTDManager\plugins\moment\locale\gl.js, JavaScript, 0, 0, 70, 0, 0, 0, 0, 1, 6, 77
g:\OneDrive - IZI Cloud\FPT\Sem04\7_Project\HTDShop\HTDShop\HTDShop\HTDShop-web\src\main\webapp\HTDManager\plugins\moment\locale\gom-latn.js, JavaScript, 0, 0, 114, 0, 0, 0, 0, 2, 7, 123
g:\OneDrive - IZI Cloud\FPT\Sem04\7_Project\HTDShop\HTDShop\HTDShop\HTDShop-web\src\main\webapp\HTDManager\plugins\moment\locale\gu.js, JavaScript, 0, 0, 114, 0, 0, 0, 0, 3, 7, 124
g:\OneDrive - IZI Cloud\FPT\Sem04\7_Project\HTDShop\HTDShop\HTDShop\HTDShop-web\src\main\webapp\HTDManager\plugins\moment\locale\he.js, JavaScript, 0, 0, 90, 0, 0, 0, 0, 1, 6, 97
g:\OneDrive - IZI Cloud\FPT\Sem04\7_Project\HTDShop\HTDShop\HTDShop\HTDShop-web\src\main\webapp\HTDManager\plugins\moment\locale\hi.js, JavaScript, 0, 0, 114, 0, 0, 0, 0, 3, 7, 124
g:\OneDrive - IZI Cloud\FPT\Sem04\7_Project\HTDShop\HTDShop\HTDShop\HTDShop-web\src\main\webapp\HTDManager\plugins\moment\locale\hr.js, JavaScript, 0, 0, 146, 0, 0, 0, 0, 1, 7, 154
g:\OneDrive - IZI Cloud\FPT\Sem04\7_Project\HTDShop\HTDShop\HTDShop\HTDShop-web\src\main\webapp\HTDManager\plugins\moment\locale\hu.js, JavaScript, 0, 0, 102, 0, 0, 0, 0, 1, 7, 110
g:\OneDrive - IZI Cloud\FPT\Sem04\7_Project\HTDShop\HTDShop\HTDShop\HTDShop-web\src\main\webapp\HTDManager\plugins\moment\locale\hy-am.js, JavaScript, 0, 0, 88, 0, 0, 0, 0, 1, 6, 95
g:\OneDrive - IZI Cloud\FPT\Sem04\7_Project\HTDShop\HTDShop\HTDShop\HTDShop-web\src\main\webapp\HTDManager\plugins\moment\locale\id.js, JavaScript, 0, 0, 75, 0, 0, 0, 0, 1, 6, 82
g:\OneDrive - IZI Cloud\FPT\Sem04\7_Project\HTDShop\HTDShop\HTDShop\HTDShop-web\src\main\webapp\HTDManager\plugins\moment\locale\is.js, JavaScript, 0, 0, 124, 0, 0, 0, 0, 1, 7, 132
g:\OneDrive - IZI Cloud\FPT\Sem04\7_Project\HTDShop\HTDShop\HTDShop\HTDShop-web\src\main\webapp\HTDManager\plugins\moment\locale\it-ch.js, JavaScript, 0, 0, 62, 0, 0, 0, 0, 1, 6, 69
g:\OneDrive - IZI Cloud\FPT\Sem04\7_Project\HTDShop\HTDShop\HTDShop\HTDShop-web\src\main\webapp\HTDManager\plugins\moment\locale\it.js, JavaScript, 0, 0, 62, 0, 0, 0, 0, 1, 6, 69
g:\OneDrive - IZI Cloud\FPT\Sem04\7_Project\HTDShop\HTDShop\HTDShop\HTDShop-web\src\main\webapp\HTDManager\plugins\moment\locale\ja.js, JavaScript, 0, 0, 85, 0, 0, 0, 0, 1, 6, 92
g:\OneDrive - IZI Cloud\FPT\Sem04\7_Project\HTDShop\HTDShop\HTDShop\HTDShop-web\src\main\webapp\HTDManager\plugins\moment\locale\jv.js, JavaScript, 0, 0, 75, 0, 0, 0, 0, 1, 6, 82
g:\OneDrive - IZI Cloud\FPT\Sem04\7_Project\HTDShop\HTDShop\HTDShop\HTDShop-web\src\main\webapp\HTDManager\plugins\moment\locale\ka.js, JavaScript, 0, 0, 82, 0, 0, 0, 0, 1, 6, 89
g:\OneDrive - IZI Cloud\FPT\Sem04\7_Project\HTDShop\HTDShop\HTDShop\HTDShop-web\src\main\webapp\HTDManager\plugins\moment\locale\kk.js, JavaScript, 0, 0, 79, 0, 0, 0, 0, 1, 7, 87
g:\OneDrive - IZI Cloud\FPT\Sem04\7_Project\HTDShop\HTDShop\HTDShop\HTDShop-web\src\main\webapp\HTDManager\plugins\moment\locale\km.js, JavaScript, 0, 0, 102, 0, 0, 0, 0, 1, 7, 110
g:\OneDrive - IZI Cloud\FPT\Sem04\7_Project\HTDShop\HTDShop\HTDShop\HTDShop-web\src\main\webapp\HTDManager\plugins\moment\locale\kn.js, JavaScript, 0, 0, 118, 0, 0, 0, 0, 1, 7, 126
g:\OneDrive - IZI Cloud\FPT\Sem04\7_Project\HTDShop\HTDShop\HTDShop\HTDShop-web\src\main\webapp\HTDManager\plugins\moment\locale\ko.js, JavaScript, 0, 0, 74, 0, 0, 0, 0, 1, 6, 81
g:\OneDrive - IZI Cloud\FPT\Sem04\7_Project\HTDShop\HTDShop\HTDShop\HTDShop-web\src\main\webapp\HTDManager\plugins\moment\locale\ku.js, JavaScript, 0, 0, 110, 0, 0, 0, 0, 1, 8, 119
g:\OneDrive - IZI Cloud\FPT\Sem04\7_Project\HTDShop\HTDShop\HTDShop\HTDShop-web\src\main\webapp\HTDManager\plugins\moment\locale\ky.js, JavaScript, 0, 0, 79, 0, 0, 0, 0, 1, 7, 87
g:\OneDrive - IZI Cloud\FPT\Sem04\7_Project\HTDShop\HTDShop\HTDShop\HTDShop-web\src\main\webapp\HTDManager\plugins\moment\locale\lb.js, JavaScript, 0, 0, 115, 0, 0, 0, 0, 14, 7, 136
g:\OneDrive - IZI Cloud\FPT\Sem04\7_Project\HTDShop\HTDShop\HTDShop\HTDShop-web\src\main\webapp\HTDManager\plugins\moment\locale\lo.js, JavaScript, 0, 0, 63, 0, 0, 0, 0, 1, 6, 70
g:\OneDrive - IZI Cloud\FPT\Sem04\7_Project\HTDShop\HTDShop\HTDShop\HTDShop-web\src\main\webapp\HTDManager\plugins\moment\locale\lt.js, JavaScript, 0, 0, 111, 0, 0, 0, 0, 1, 6, 118
g:\OneDrive - IZI Cloud\FPT\Sem04\7_Project\HTDShop\HTDShop\HTDShop\HTDShop-web\src\main\webapp\HTDManager\plugins\moment\locale\lv.js, JavaScript, 0, 0, 83, 0, 0, 0, 0, 7, 7, 97
g:\OneDrive - IZI Cloud\FPT\Sem04\7_Project\HTDShop\HTDShop\HTDShop\HTDShop-web\src\main\webapp\HTDManager\plugins\moment\locale\me.js, JavaScript, 0, 0, 103, 0, 0, 0, 0, 1, 8, 112
g:\OneDrive - IZI Cloud\FPT\Sem04\7_Project\HTDShop\HTDShop\HTDShop\HTDShop-web\src\main\webapp\HTDManager\plugins\moment\locale\mi.js, JavaScript, 0, 0, 57, 0, 0, 0, 0, 1, 6, 64
g:\OneDrive - IZI Cloud\FPT\Sem04\7_Project\HTDShop\HTDShop\HTDShop\HTDShop-web\src\main\webapp\HTDManager\plugins\moment\locale\mk.js, JavaScript, 0, 0, 83, 0, 0, 0, 0, 1, 6, 90
g:\OneDrive - IZI Cloud\FPT\Sem04\7_Project\HTDShop\HTDShop\HTDShop\HTDShop-web\src\main\webapp\HTDManager\plugins\moment\locale\ml.js, JavaScript, 0, 0, 74, 0, 0, 0, 0, 1, 6, 81
g:\OneDrive - IZI Cloud\FPT\Sem04\7_Project\HTDShop\HTDShop\HTDShop\HTDShop-web\src\main\webapp\HTDManager\plugins\moment\locale\mn.js, JavaScript, 0, 0, 96, 0, 0, 0, 0, 1, 7, 104
g:\OneDrive - IZI Cloud\FPT\Sem04\7_Project\HTDShop\HTDShop\HTDShop\HTDShop-web\src\main\webapp\HTDManager\plugins\moment\locale\mr.js, JavaScript, 0, 0, 151, 0, 0, 0, 0, 1, 8, 160
g:\OneDrive - IZI Cloud\FPT\Sem04\7_Project\HTDShop\HTDShop\HTDShop\HTDShop-web\src\main\webapp\HTDManager\plugins\moment\locale\ms-my.js, JavaScript, 0, 0, 75, 0, 0, 0, 0, 1, 6, 82
g:\OneDrive - IZI Cloud\FPT\Sem04\7_Project\HTDShop\HTDShop\HTDShop\HTDShop-web\src\main\webapp\HTDManager\plugins\moment\locale\ms.js, JavaScript, 0, 0, 75, 0, 0, 0, 0, 1, 6, 82
g:\OneDrive - IZI Cloud\FPT\Sem04\7_Project\HTDShop\HTDShop\HTDShop\HTDShop-web\src\main\webapp\HTDManager\plugins\moment\locale\mt.js, JavaScript, 0, 0, 53, 0, 0, 0, 0, 1, 6, 60
g:\OneDrive - IZI Cloud\FPT\Sem04\7_Project\HTDShop\HTDShop\HTDShop\HTDShop-web\src\main\webapp\HTDManager\plugins\moment\locale\my.js, JavaScript, 0, 0, 84, 0, 0, 0, 0, 1, 8, 93
g:\OneDrive - IZI Cloud\FPT\Sem04\7_Project\HTDShop\HTDShop\HTDShop\HTDShop-web\src\main\webapp\HTDManager\plugins\moment\locale\nb.js, JavaScript, 0, 0, 55, 0, 0, 0, 0, 1, 6, 62
g:\OneDrive - IZI Cloud\FPT\Sem04\7_Project\HTDShop\HTDShop\HTDShop\HTDShop-web\src\main\webapp\HTDManager\plugins\moment\locale\ne.js, JavaScript, 0, 0, 115, 0, 0, 0, 0, 1, 7, 123
g:\OneDrive - IZI Cloud\FPT\Sem04\7_Project\HTDShop\HTDShop\HTDShop\HTDShop-web\src\main\webapp\HTDManager\plugins\moment\locale\nl-be.js, JavaScript, 0, 0, 75, 0, 0, 0, 0, 1, 11, 87
g:\OneDrive - IZI Cloud\FPT\Sem04\7_Project\HTDShop\HTDShop\HTDShop\HTDShop-web\src\main\webapp\HTDManager\plugins\moment\locale\nl.js, JavaScript, 0, 0, 75, 0, 0, 0, 0, 1, 11, 87
g:\OneDrive - IZI Cloud\FPT\Sem04\7_Project\HTDShop\HTDShop\HTDShop\HTDShop-web\src\main\webapp\HTDManager\plugins\moment\locale\nn.js, JavaScript, 0, 0, 53, 0, 0, 0, 0, 1, 6, 60
g:\OneDrive - IZI Cloud\FPT\Sem04\7_Project\HTDShop\HTDShop\HTDShop\HTDShop-web\src\main\webapp\HTDManager\plugins\moment\locale\pa-in.js, JavaScript, 0, 0, 113, 0, 0, 0, 0, 4, 7, 124
g:\OneDrive - IZI Cloud\FPT\Sem04\7_Project\HTDShop\HTDShop\HTDShop\HTDShop-web\src\main\webapp\HTDManager\plugins\moment\locale\pl.js, JavaScript, 0, 0, 111, 0, 0, 0, 0, 4, 11, 126
g:\OneDrive - IZI Cloud\FPT\Sem04\7_Project\HTDShop\HTDShop\HTDShop\HTDShop-web\src\main\webapp\HTDManager\plugins\moment\locale\pt-br.js, JavaScript, 0, 0, 54, 0, 0, 0, 0, 1, 6, 61
g:\OneDrive - IZI Cloud\FPT\Sem04\7_Project\HTDShop\HTDShop\HTDShop\HTDShop-web\src\main\webapp\HTDManager\plugins\moment\locale\pt.js, JavaScript, 0, 0, 58, 0, 0, 0, 0, 1, 6, 65
g:\OneDrive - IZI Cloud\FPT\Sem04\7_Project\HTDShop\HTDShop\HTDShop\HTDShop-web\src\main\webapp\HTDManager\plugins\moment\locale\ro.js, JavaScript, 0, 0, 67, 0, 0, 0, 0, 1, 7, 75
g:\OneDrive - IZI Cloud\FPT\Sem04\7_Project\HTDShop\HTDShop\HTDShop\HTDShop-web\src\main\webapp\HTDManager\plugins\moment\locale\ru.js, JavaScript, 0, 0, 162, 0, 0, 0, 0, 9, 11, 182
g:\OneDrive - IZI Cloud\FPT\Sem04\7_Project\HTDShop\HTDShop\HTDShop\HTDShop-web\src\main\webapp\HTDManager\plugins\moment\locale\sd.js, JavaScript, 0, 0, 90, 0, 0, 0, 0, 1, 7, 98
g:\OneDrive - IZI Cloud\FPT\Sem04\7_Project\HTDShop\HTDShop\HTDShop\HTDShop-web\src\main\webapp\HTDManager\plugins\moment\locale\se.js, JavaScript, 0, 0, 53, 0, 0, 0, 0, 1, 6, 60
g:\OneDrive - IZI Cloud\FPT\Sem04\7_Project\HTDShop\HTDShop\HTDShop\HTDShop-web\src\main\webapp\HTDManager\plugins\moment\locale\si.js, JavaScript, 0, 0, 63, 0, 0, 0, 0, 2, 6, 71
g:\OneDrive - IZI Cloud\FPT\Sem04\7_Project\HTDShop\HTDShop\HTDShop\HTDShop-web\src\main\webapp\HTDManager\plugins\moment\locale\sk.js, JavaScript, 0, 0, 148, 0, 0, 0, 0, 1, 7, 156
g:\OneDrive - IZI Cloud\FPT\Sem04\7_Project\HTDShop\HTDShop\HTDShop\HTDShop-web\src\main\webapp\HTDManager\plugins\moment\locale\sl.js, JavaScript, 0, 0, 164, 0, 0, 0, 0, 1, 8, 173
g:\OneDrive - IZI Cloud\FPT\Sem04\7_Project\HTDShop\HTDShop\HTDShop\HTDShop-web\src\main\webapp\HTDManager\plugins\moment\locale\sq.js, JavaScript, 0, 0, 61, 0, 0, 0, 0, 1, 6, 68
g:\OneDrive - IZI Cloud\FPT\Sem04\7_Project\HTDShop\HTDShop\HTDShop\HTDShop-web\src\main\webapp\HTDManager\plugins\moment\locale\sr-cyrl.js, JavaScript, 0, 0, 103, 0, 0, 0, 0, 1, 7, 111
g:\OneDrive - IZI Cloud\FPT\Sem04\7_Project\HTDShop\HTDShop\HTDShop\HTDShop-web\src\main\webapp\HTDManager\plugins\moment\locale\sr.js, JavaScript, 0, 0, 103, 0, 0, 0, 0, 1, 7, 111
g:\OneDrive - IZI Cloud\FPT\Sem04\7_Project\HTDShop\HTDShop\HTDShop\HTDShop-web\src\main\webapp\HTDManager\plugins\moment\locale\ss.js, JavaScript, 0, 0, 81, 0, 0, 0, 0, 1, 6, 88
g:\OneDrive - IZI Cloud\FPT\Sem04\7_Project\HTDShop\HTDShop\HTDShop\HTDShop-web\src\main\webapp\HTDManager\plugins\moment\locale\sv.js, JavaScript, 0, 0, 62, 0, 0, 0, 0, 1, 6, 69
g:\OneDrive - IZI Cloud\FPT\Sem04\7_Project\HTDShop\HTDShop\HTDShop\HTDShop-web\src\main\webapp\HTDManager\plugins\moment\locale\sw.js, JavaScript, 0, 0, 52, 0, 0, 0, 0, 1, 6, 59
g:\OneDrive - IZI Cloud\FPT\Sem04\7_Project\HTDShop\HTDShop\HTDShop\HTDShop-web\src\main\webapp\HTDManager\plugins\moment\locale\ta.js, JavaScript, 0, 0, 120, 0, 0, 0, 0, 2, 7, 129
g:\OneDrive - IZI Cloud\FPT\Sem04\7_Project\HTDShop\HTDShop\HTDShop\HTDShop-web\src\main\webapp\HTDManager\plugins\moment\locale\te.js, JavaScript, 0, 0, 82, 0, 0, 0, 0, 1, 6, 89
g:\OneDrive - IZI Cloud\FPT\Sem04\7_Project\HTDShop\HTDShop\HTDShop\HTDShop-web\src\main\webapp\HTDManager\plugins\moment\locale\tet.js, JavaScript, 0, 0, 60, 0, 0, 0, 0, 1, 6, 67
g:\OneDrive - IZI Cloud\FPT\Sem04\7_Project\HTDShop\HTDShop\HTDShop\HTDShop-web\src\main\webapp\HTDManager\plugins\moment\locale\tg.js, JavaScript, 0, 0, 108, 0, 0, 0, 0, 1, 7, 116
g:\OneDrive - IZI Cloud\FPT\Sem04\7_Project\HTDShop\HTDShop\HTDShop\HTDShop-web\src\main\webapp\HTDManager\plugins\moment\locale\th.js, JavaScript, 0, 0, 60, 0, 0, 0, 0, 1, 6, 67
g:\OneDrive - IZI Cloud\FPT\Sem04\7_Project\HTDShop\HTDShop\HTDShop\HTDShop-web\src\main\webapp\HTDManager\plugins\moment\locale\tl-ph.js, JavaScript, 0, 0, 55, 0, 0, 0, 0, 1, 6, 62
g:\OneDrive - IZI Cloud\FPT\Sem04\7_Project\HTDShop\HTDShop\HTDShop\HTDShop-web\src\main\webapp\HTDManager\plugins\moment\locale\tlh.js, JavaScript, 0, 0, 110, 0, 0, 0, 0, 1, 11, 122
g:\OneDrive - IZI Cloud\FPT\Sem04\7_Project\HTDShop\HTDShop\HTDShop\HTDShop-web\src\main\webapp\HTDManager\plugins\moment\locale\tr.js, JavaScript, 0, 0, 88, 0, 0, 0, 0, 0, 6, 94
g:\OneDrive - IZI Cloud\FPT\Sem04\7_Project\HTDShop\HTDShop\HTDShop\HTDShop-web\src\main\webapp\HTDManager\plugins\moment\locale\tzl.js, JavaScript, 0, 0, 81, 0, 0, 0, 0, 3, 7, 91
g:\OneDrive - IZI Cloud\FPT\Sem04\7_Project\HTDShop\HTDShop\HTDShop\HTDShop-web\src\main\webapp\HTDManager\plugins\moment\locale\tzm-latn.js, JavaScript, 0, 0, 51, 0, 0, 0, 0, 1, 6, 58
g:\OneDrive - IZI Cloud\FPT\Sem04\7_Project\HTDShop\HTDShop\HTDShop\HTDShop-web\src\main\webapp\HTDManager\plugins\moment\locale\tzm.js, JavaScript, 0, 0, 51, 0, 0, 0, 0, 1, 6, 58
g:\OneDrive - IZI Cloud\FPT\Sem04\7_Project\HTDShop\HTDShop\HTDShop\HTDShop-web\src\main\webapp\HTDManager\plugins\moment\locale\ug-cn.js, JavaScript, 0, 0, 110, 0, 0, 0, 0, 2, 7, 119
g:\OneDrive - IZI Cloud\FPT\Sem04\7_Project\HTDShop\HTDShop\HTDShop\HTDShop-web\src\main\webapp\HTDManager\plugins\moment\locale\uk.js, JavaScript, 0, 0, 143, 0, 0, 0, 0, 2, 9, 154
g:\OneDrive - IZI Cloud\FPT\Sem04\7_Project\HTDShop\HTDShop\HTDShop\HTDShop-web\src\main\webapp\HTDManager\plugins\moment\locale\ur.js, JavaScript, 0, 0, 90, 0, 0, 0, 0, 1, 7, 98
g:\OneDrive - IZI Cloud\FPT\Sem04\7_Project\HTDShop\HTDShop\HTDShop\HTDShop-web\src\main\webapp\HTDManager\plugins\moment\locale\uz-latn.js, JavaScript, 0, 0, 51, 0, 0, 0, 0, 1, 6, 58
g:\OneDrive - IZI Cloud\FPT\Sem04\7_Project\HTDShop\HTDShop\HTDShop\HTDShop-web\src\main\webapp\HTDManager\plugins\moment\locale\uz.js, JavaScript, 0, 0, 51, 0, 0, 0, 0, 1, 6, 58
g:\OneDrive - IZI Cloud\FPT\Sem04\7_Project\HTDShop\HTDShop\HTDShop\HTDShop-web\src\main\webapp\HTDManager\plugins\moment\locale\vi.js, JavaScript, 0, 0, 72, 0, 0, 0, 0, 1, 6, 79
g:\OneDrive - IZI Cloud\FPT\Sem04\7_Project\HTDShop\HTDShop\HTDShop\HTDShop-web\src\main\webapp\HTDManager\plugins\moment\locale\x-pseudo.js, JavaScript, 0, 0, 61, 0, 0, 0, 0, 1, 6, 68
g:\OneDrive - IZI Cloud\FPT\Sem04\7_Project\HTDShop\HTDShop\HTDShop\HTDShop-web\src\main\webapp\HTDManager\plugins\moment\locale\yo.js, JavaScript, 0, 0, 53, 0, 0, 0, 0, 1, 6, 60
g:\OneDrive - IZI Cloud\FPT\Sem04\7_Project\HTDShop\HTDShop\HTDShop\HTDShop-web\src\main\webapp\HTDManager\plugins\moment\locale\zh-cn.js, JavaScript, 0, 0, 101, 0, 0, 0, 0, 3, 6, 110
g:\OneDrive - IZI Cloud\FPT\Sem04\7_Project\HTDShop\HTDShop\HTDShop\HTDShop-web\src\main\webapp\HTDManager\plugins\moment\locale\zh-hk.js, JavaScript, 0, 0, 96, 0, 0, 0, 0, 1, 6, 103
g:\OneDrive - IZI Cloud\FPT\Sem04\7_Project\HTDShop\HTDShop\HTDShop\HTDShop-web\src\main\webapp\HTDManager\plugins\moment\locale\zh-tw.js, JavaScript, 0, 0, 96, 0, 0, 0, 0, 1, 6, 103
g:\OneDrive - IZI Cloud\FPT\Sem04\7_Project\HTDShop\HTDShop\HTDShop\HTDShop-web\src\main\webapp\HTDManager\plugins\moment\locales.js, JavaScript, 0, 0, 9628, 0, 0, 0, 0, 187, 364, 10179
g:\OneDrive - IZI Cloud\FPT\Sem04\7_Project\HTDShop\HTDShop\HTDShop\HTDShop-web\src\main\webapp\HTDManager\plugins\moment\locales.min.js, JavaScript, 0, 0, 1, 0, 0, 0, 0, 0, 0, 1
g:\OneDrive - IZI Cloud\FPT\Sem04\7_Project\HTDShop\HTDShop\HTDShop\HTDShop-web\src\main\webapp\HTDManager\plugins\moment\moment-with-locales.js, JavaScript, 0, 0, 13162, 0, 0, 0, 0, 516, 1088, 14766
g:\OneDrive - IZI Cloud\FPT\Sem04\7_Project\HTDShop\HTDShop\HTDShop\HTDShop-web\src\main\webapp\HTDManager\plugins\moment\moment-with-locales.min.js, JavaScript, 0, 0, 1, 0, 0, 0, 0, 0, 0, 1
g:\OneDrive - IZI Cloud\FPT\Sem04\7_Project\HTDShop\HTDShop\HTDShop\HTDShop-web\src\main\webapp\HTDManager\plugins\moment\moment.min.js, JavaScript, 0, 0, 1, 0, 0, 0, 0, 0, 0, 1
g:\OneDrive - IZI Cloud\FPT\Sem04\7_Project\HTDShop\HTDShop\HTDShop\HTDShop-web\src\main\webapp\HTDManager\plugins\popper\esm\popper-utils.js, JavaScript, 0, 0, 616, 0, 0, 0, 0, 360, 138, 1114
g:\OneDrive - IZI Cloud\FPT\Sem04\7_Project\HTDShop\HTDShop\HTDShop\HTDShop-web\src\main\webapp\HTDManager\plugins\popper\esm\popper-utils.min.js, JavaScript, 0, 0, 1, 0, 0, 0, 0, 4, 1, 6
g:\OneDrive - IZI Cloud\FPT\Sem04\7_Project\HTDShop\HTDShop\HTDShop\HTDShop-web\src\main\webapp\HTDManager\plugins\popper\esm\popper.js, JavaScript, 0, 0, 1241, 0, 0, 0, 0, 1051, 325, 2617
g:\OneDrive - IZI Cloud\FPT\Sem04\7_Project\HTDShop\HTDShop\HTDShop\HTDShop-web\src\main\webapp\HTDManager\plugins\popper\esm\popper.min.js, JavaScript, 0, 0, 1, 0, 0, 0, 0, 4, 1, 6
g:\OneDrive - IZI Cloud\FPT\Sem04\7_Project\HTDShop\HTDShop\HTDShop\HTDShop-web\src\main\webapp\HTDManager\plugins\popper\popper-utils.js, JavaScript, 0, 0, 579, 0, 0, 0, 0, 360, 124, 1063
g:\OneDrive - IZI Cloud\FPT\Sem04\7_Project\HTDShop\HTDShop\HTDShop\HTDShop-web\src\main\webapp\HTDManager\plugins\popper\popper-utils.min.js, JavaScript, 0, 0, 1, 0, 0, 0, 0, 4, 1, 6
g:\OneDrive - IZI Cloud\FPT\Sem04\7_Project\HTDShop\HTDShop\HTDShop\HTDShop-web\src\main\webapp\HTDManager\plugins\popper\popper.js, JavaScript, 0, 0, 1125, 0, 0, 0, 0, 1051, 287, 2463
g:\OneDrive - IZI Cloud\FPT\Sem04\7_Project\HTDShop\HTDShop\HTDShop\HTDShop-web\src\main\webapp\HTDManager\plugins\popper\popper.min.js, JavaScript, 0, 0, 1, 0, 0, 0, 0, 4, 1, 6
g:\OneDrive - IZI Cloud\FPT\Sem04\7_Project\HTDShop\HTDShop\HTDShop\HTDShop-web\src\main\webapp\HTDManager\plugins\popper\umd\popper-utils.js, JavaScript, 0, 0, 651, 0, 0, 0, 0, 360, 141, 1152
g:\OneDrive - IZI Cloud\FPT\Sem04\7_Project\HTDShop\HTDShop\HTDShop\HTDShop-web\src\main\webapp\HTDManager\plugins\popper\umd\popper-utils.min.js, JavaScript, 0, 0, 1, 0, 0, 0, 0, 4, 1, 6
g:\OneDrive - IZI Cloud\FPT\Sem04\7_Project\HTDShop\HTDShop\HTDShop\HTDShop-web\src\main\webapp\HTDManager\plugins\popper\umd\popper.js, JavaScript, 0, 0, 1247, 0, 0, 0, 0, 1051, 327, 2625
g:\OneDrive - IZI Cloud\FPT\Sem04\7_Project\HTDShop\HTDShop\HTDShop\HTDShop-web\src\main\webapp\HTDManager\plugins\popper\umd\popper.min.js, JavaScript, 0, 0, 1, 0, 0, 0, 0, 4, 1, 6
g:\OneDrive - IZI Cloud\FPT\Sem04\7_Project\HTDShop\HTDShop\HTDShop\HTDShop-web\src\main\webapp\HTDManager\plugins\select2-bootstrap4-theme\select2-bootstrap4.css, CSS, 0, 143, 0, 0, 0, 0, 0, 0, 21, 164
g:\OneDrive - IZI Cloud\FPT\Sem04\7_Project\HTDShop\HTDShop\HTDShop\HTDShop-web\src\main\webapp\HTDManager\plugins\select2-bootstrap4-theme\select2-bootstrap4.min.css, CSS, 0, 1, 0, 0, 0, 0, 0, 0, 0, 1
g:\OneDrive - IZI Cloud\FPT\Sem04\7_Project\HTDShop\HTDShop\HTDShop\HTDShop-web\src\main\webapp\HTDManager\plugins\select2\css\select2.css, CSS, 0, 425, 0, 0, 0, 0, 0, 0, 57, 482
g:\OneDrive - IZI Cloud\FPT\Sem04\7_Project\HTDShop\HTDShop\HTDShop\HTDShop-web\src\main\webapp\HTDManager\plugins\select2\css\select2.min.css, CSS, 0, 1, 0, 0, 0, 0, 0, 0, 1, 2
g:\OneDrive - IZI Cloud\FPT\Sem04\7_Project\HTDShop\HTDShop\HTDShop\HTDShop-web\src\main\webapp\HTDManager\plugins\select2\js\i18n\af.js, JavaScript, 0, 0, 1, 0, 0, 0, 0, 1, 1, 3
g:\OneDrive - IZI Cloud\FPT\Sem04\7_Project\HTDShop\HTDShop\HTDShop\HTDShop-web\src\main\webapp\HTDManager\plugins\select2\js\i18n\ar.js, JavaScript, 0, 0, 1, 0, 0, 0, 0, 1, 1, 3
g:\OneDrive - IZI Cloud\FPT\Sem04\7_Project\HTDShop\HTDShop\HTDShop\HTDShop-web\src\main\webapp\HTDManager\plugins\select2\js\i18n\az.js, JavaScript, 0, 0, 1, 0, 0, 0, 0, 1, 1, 3
g:\OneDrive - IZI Cloud\FPT\Sem04\7_Project\HTDShop\HTDShop\HTDShop\HTDShop-web\src\main\webapp\HTDManager\plugins\select2\js\i18n\bg.js, JavaScript, 0, 0, 1, 0, 0, 0, 0, 1, 1, 3
g:\OneDrive - IZI Cloud\FPT\Sem04\7_Project\HTDShop\HTDShop\HTDShop\HTDShop-web\src\main\webapp\HTDManager\plugins\select2\js\i18n\bn.js, JavaScript, 0, 0, 1, 0, 0, 0, 0, 1, 1, 3
g:\OneDrive - IZI Cloud\FPT\Sem04\7_Project\HTDShop\HTDShop\HTDShop\HTDShop-web\src\main\webapp\HTDManager\plugins\select2\js\i18n\bs.js, JavaScript, 0, 0, 1, 0, 0, 0, 0, 1, 1, 3
g:\OneDrive - IZI Cloud\FPT\Sem04\7_Project\HTDShop\HTDShop\HTDShop\HTDShop-web\src\main\webapp\HTDManager\plugins\select2\js\i18n\ca.js, JavaScript, 0, 0, 1, 0, 0, 0, 0, 1, 1, 3
g:\OneDrive - IZI Cloud\FPT\Sem04\7_Project\HTDShop\HTDShop\HTDShop\HTDShop-web\src\main\webapp\HTDManager\plugins\select2\js\i18n\cs.js, JavaScript, 0, 0, 1, 0, 0, 0, 0, 1, 1, 3
g:\OneDrive - IZI Cloud\FPT\Sem04\7_Project\HTDShop\HTDShop\HTDShop\HTDShop-web\src\main\webapp\HTDManager\plugins\select2\js\i18n\da.js, JavaScript, 0, 0, 1, 0, 0, 0, 0, 1, 1, 3
g:\OneDrive - IZI Cloud\FPT\Sem04\7_Project\HTDShop\HTDShop\HTDShop\HTDShop-web\src\main\webapp\HTDManager\plugins\select2\js\i18n\de.js, JavaScript, 0, 0, 1, 0, 0, 0, 0, 1, 1, 3
g:\OneDrive - IZI Cloud\FPT\Sem04\7_Project\HTDShop\HTDShop\HTDShop\HTDShop-web\src\main\webapp\HTDManager\plugins\select2\js\i18n\dsb.js, JavaScript, 0, 0, 1, 0, 0, 0, 0, 1, 1, 3
g:\OneDrive - IZI Cloud\FPT\Sem04\7_Project\HTDShop\HTDShop\HTDShop\HTDShop-web\src\main\webapp\HTDManager\plugins\select2\js\i18n\el.js, JavaScript, 0, 0, 1, 0, 0, 0, 0, 1, 1, 3
g:\OneDrive - IZI Cloud\FPT\Sem04\7_Project\HTDShop\HTDShop\HTDShop\HTDShop-web\src\main\webapp\HTDManager\plugins\select2\js\i18n\en.js, JavaScript, 0, 0, 1, 0, 0, 0, 0, 1, 1, 3
g:\OneDrive - IZI Cloud\FPT\Sem04\7_Project\HTDShop\HTDShop\HTDShop\HTDShop-web\src\main\webapp\HTDManager\plugins\select2\js\i18n\es.js, JavaScript, 0, 0, 1, 0, 0, 0, 0, 1, 1, 3
g:\OneDrive - IZI Cloud\FPT\Sem04\7_Project\HTDShop\HTDShop\HTDShop\HTDShop-web\src\main\webapp\HTDManager\plugins\select2\js\i18n\et.js, JavaScript, 0, 0, 1, 0, 0, 0, 0, 1, 1, 3
g:\OneDrive - IZI Cloud\FPT\Sem04\7_Project\HTDShop\HTDShop\HTDShop\HTDShop-web\src\main\webapp\HTDManager\plugins\select2\js\i18n\eu.js, JavaScript, 0, 0, 1, 0, 0, 0, 0, 1, 1, 3
g:\OneDrive - IZI Cloud\FPT\Sem04\7_Project\HTDShop\HTDShop\HTDShop\HTDShop-web\src\main\webapp\HTDManager\plugins\select2\js\i18n\fa.js, JavaScript, 0, 0, 1, 0, 0, 0, 0, 1, 1, 3
g:\OneDrive - IZI Cloud\FPT\Sem04\7_Project\HTDShop\HTDShop\HTDShop\HTDShop-web\src\main\webapp\HTDManager\plugins\select2\js\i18n\fi.js, JavaScript, 0, 0, 1, 0, 0, 0, 0, 1, 1, 3
g:\OneDrive - IZI Cloud\FPT\Sem04\7_Project\HTDShop\HTDShop\HTDShop\HTDShop-web\src\main\webapp\HTDManager\plugins\select2\js\i18n\fr.js, JavaScript, 0, 0, 1, 0, 0, 0, 0, 1, 1, 3
g:\OneDrive - IZI Cloud\FPT\Sem04\7_Project\HTDShop\HTDShop\HTDShop\HTDShop-web\src\main\webapp\HTDManager\plugins\select2\js\i18n\gl.js, JavaScript, 0, 0, 1, 0, 0, 0, 0, 1, 1, 3
g:\OneDrive - IZI Cloud\FPT\Sem04\7_Project\HTDShop\HTDShop\HTDShop\HTDShop-web\src\main\webapp\HTDManager\plugins\select2\js\i18n\he.js, JavaScript, 0, 0, 1, 0, 0, 0, 0, 1, 1, 3
g:\OneDrive - IZI Cloud\FPT\Sem04\7_Project\HTDShop\HTDShop\HTDShop\HTDShop-web\src\main\webapp\HTDManager\plugins\select2\js\i18n\hi.js, JavaScript, 0, 0, 1, 0, 0, 0, 0, 1, 1, 3
g:\OneDrive - IZI Cloud\FPT\Sem04\7_Project\HTDShop\HTDShop\HTDShop\HTDShop-web\src\main\webapp\HTDManager\plugins\select2\js\i18n\hr.js, JavaScript, 0, 0, 1, 0, 0, 0, 0, 1, 1, 3
g:\OneDrive - IZI Cloud\FPT\Sem04\7_Project\HTDShop\HTDShop\HTDShop\HTDShop-web\src\main\webapp\HTDManager\plugins\select2\js\i18n\hsb.js, JavaScript, 0, 0, 1, 0, 0, 0, 0, 1, 1, 3
g:\OneDrive - IZI Cloud\FPT\Sem04\7_Project\HTDShop\HTDShop\HTDShop\HTDShop-web\src\main\webapp\HTDManager\plugins\select2\js\i18n\hu.js, JavaScript, 0, 0, 1, 0, 0, 0, 0, 1, 1, 3
g:\OneDrive - IZI Cloud\FPT\Sem04\7_Project\HTDShop\HTDShop\HTDShop\HTDShop-web\src\main\webapp\HTDManager\plugins\select2\js\i18n\hy.js, JavaScript, 0, 0, 1, 0, 0, 0, 0, 1, 1, 3
g:\OneDrive - IZI Cloud\FPT\Sem04\7_Project\HTDShop\HTDShop\HTDShop\HTDShop-web\src\main\webapp\HTDManager\plugins\select2\js\i18n\id.js, JavaScript, 0, 0, 1, 0, 0, 0, 0, 1, 1, 3
g:\OneDrive - IZI Cloud\FPT\Sem04\7_Project\HTDShop\HTDShop\HTDShop\HTDShop-web\src\main\webapp\HTDManager\plugins\select2\js\i18n\is.js, JavaScript, 0, 0, 1, 0, 0, 0, 0, 1, 1, 3
g:\OneDrive - IZI Cloud\FPT\Sem04\7_Project\HTDShop\HTDShop\HTDShop\HTDShop-web\src\main\webapp\HTDManager\plugins\select2\js\i18n\it.js, JavaScript, 0, 0, 1, 0, 0, 0, 0, 1, 1, 3
g:\OneDrive - IZI Cloud\FPT\Sem04\7_Project\HTDShop\HTDShop\HTDShop\HTDShop-web\src\main\webapp\HTDManager\plugins\select2\js\i18n\ja.js, JavaScript, 0, 0, 1, 0, 0, 0, 0, 1, 1, 3
g:\OneDrive - IZI Cloud\FPT\Sem04\7_Project\HTDShop\HTDShop\HTDShop\HTDShop-web\src\main\webapp\HTDManager\plugins\select2\js\i18n\ka.js, JavaScript, 0, 0, 1, 0, 0, 0, 0, 1, 1, 3
g:\OneDrive - IZI Cloud\FPT\Sem04\7_Project\HTDShop\HTDShop\HTDShop\HTDShop-web\src\main\webapp\HTDManager\plugins\select2\js\i18n\km.js, JavaScript, 0, 0, 1, 0, 0, 0, 0, 1, 1, 3
g:\OneDrive - IZI Cloud\FPT\Sem04\7_Project\HTDShop\HTDShop\HTDShop\HTDShop-web\src\main\webapp\HTDManager\plugins\select2\js\i18n\ko.js, JavaScript, 0, 0, 1, 0, 0, 0, 0, 1, 1, 3
g:\OneDrive - IZI Cloud\FPT\Sem04\7_Project\HTDShop\HTDShop\HTDShop\HTDShop-web\src\main\webapp\HTDManager\plugins\select2\js\i18n\lt.js, JavaScript, 0, 0, 1, 0, 0, 0, 0, 1, 1, 3
g:\OneDrive - IZI Cloud\FPT\Sem04\7_Project\HTDShop\HTDShop\HTDShop\HTDShop-web\src\main\webapp\HTDManager\plugins\select2\js\i18n\lv.js, JavaScript, 0, 0, 1, 0, 0, 0, 0, 1, 1, 3
g:\OneDrive - IZI Cloud\FPT\Sem04\7_Project\HTDShop\HTDShop\HTDShop\HTDShop-web\src\main\webapp\HTDManager\plugins\select2\js\i18n\mk.js, JavaScript, 0, 0, 1, 0, 0, 0, 0, 1, 1, 3
g:\OneDrive - IZI Cloud\FPT\Sem04\7_Project\HTDShop\HTDShop\HTDShop\HTDShop-web\src\main\webapp\HTDManager\plugins\select2\js\i18n\ms.js, JavaScript, 0, 0, 1, 0, 0, 0, 0, 1, 1, 3
g:\OneDrive - IZI Cloud\FPT\Sem04\7_Project\HTDShop\HTDShop\HTDShop\HTDShop-web\src\main\webapp\HTDManager\plugins\select2\js\i18n\nb.js, JavaScript, 0, 0, 1, 0, 0, 0, 0, 1, 1, 3
g:\OneDrive - IZI Cloud\FPT\Sem04\7_Project\HTDShop\HTDShop\HTDShop\HTDShop-web\src\main\webapp\HTDManager\plugins\select2\js\i18n\ne.js, JavaScript, 0, 0, 1, 0, 0, 0, 0, 1, 1, 3
g:\OneDrive - IZI Cloud\FPT\Sem04\7_Project\HTDShop\HTDShop\HTDShop\HTDShop-web\src\main\webapp\HTDManager\plugins\select2\js\i18n\nl.js, JavaScript, 0, 0, 1, 0, 0, 0, 0, 1, 1, 3
g:\OneDrive - IZI Cloud\FPT\Sem04\7_Project\HTDShop\HTDShop\HTDShop\HTDShop-web\src\main\webapp\HTDManager\plugins\select2\js\i18n\pl.js, JavaScript, 0, 0, 1, 0, 0, 0, 0, 1, 1, 3
g:\OneDrive - IZI Cloud\FPT\Sem04\7_Project\HTDShop\HTDShop\HTDShop\HTDShop-web\src\main\webapp\HTDManager\plugins\select2\js\i18n\ps.js, JavaScript, 0, 0, 1, 0, 0, 0, 0, 1, 1, 3
g:\OneDrive - IZI Cloud\FPT\Sem04\7_Project\HTDShop\HTDShop\HTDShop\HTDShop-web\src\main\webapp\HTDManager\plugins\select2\js\i18n\pt-BR.js, JavaScript, 0, 0, 1, 0, 0, 0, 0, 1, 1, 3
g:\OneDrive - IZI Cloud\FPT\Sem04\7_Project\HTDShop\HTDShop\HTDShop\HTDShop-web\src\main\webapp\HTDManager\plugins\select2\js\i18n\pt.js, JavaScript, 0, 0, 1, 0, 0, 0, 0, 1, 1, 3
g:\OneDrive - IZI Cloud\FPT\Sem04\7_Project\HTDShop\HTDShop\HTDShop\HTDShop-web\src\main\webapp\HTDManager\plugins\select2\js\i18n\ro.js, JavaScript, 0, 0, 1, 0, 0, 0, 0, 1, 1, 3
g:\OneDrive - IZI Cloud\FPT\Sem04\7_Project\HTDShop\HTDShop\HTDShop\HTDShop-web\src\main\webapp\HTDManager\plugins\select2\js\i18n\ru.js, JavaScript, 0, 0, 1, 0, 0, 0, 0, 1, 1, 3
g:\OneDrive - IZI Cloud\FPT\Sem04\7_Project\HTDShop\HTDShop\HTDShop\HTDShop-web\src\main\webapp\HTDManager\plugins\select2\js\i18n\sk.js, JavaScript, 0, 0, 1, 0, 0, 0, 0, 1, 1, 3
g:\OneDrive - IZI Cloud\FPT\Sem04\7_Project\HTDShop\HTDShop\HTDShop\HTDShop-web\src\main\webapp\HTDManager\plugins\select2\js\i18n\sl.js, JavaScript, 0, 0, 1, 0, 0, 0, 0, 1, 1, 3
g:\OneDrive - IZI Cloud\FPT\Sem04\7_Project\HTDShop\HTDShop\HTDShop\HTDShop-web\src\main\webapp\HTDManager\plugins\select2\js\i18n\sq.js, JavaScript, 0, 0, 1, 0, 0, 0, 0, 1, 1, 3
g:\OneDrive - IZI Cloud\FPT\Sem04\7_Project\HTDShop\HTDShop\HTDShop\HTDShop-web\src\main\webapp\HTDManager\plugins\select2\js\i18n\sr-Cyrl.js, JavaScript, 0, 0, 1, 0, 0, 0, 0, 1, 1, 3
g:\OneDrive - IZI Cloud\FPT\Sem04\7_Project\HTDShop\HTDShop\HTDShop\HTDShop-web\src\main\webapp\HTDManager\plugins\select2\js\i18n\sr.js, JavaScript, 0, 0, 1, 0, 0, 0, 0, 1, 1, 3
g:\OneDrive - IZI Cloud\FPT\Sem04\7_Project\HTDShop\HTDShop\HTDShop\HTDShop-web\src\main\webapp\HTDManager\plugins\select2\js\i18n\sv.js, JavaScript, 0, 0, 1, 0, 0, 0, 0, 1, 1, 3
g:\OneDrive - IZI Cloud\FPT\Sem04\7_Project\HTDShop\HTDShop\HTDShop\HTDShop-web\src\main\webapp\HTDManager\plugins\select2\js\i18n\th.js, JavaScript, 0, 0, 1, 0, 0, 0, 0, 1, 1, 3
g:\OneDrive - IZI Cloud\FPT\Sem04\7_Project\HTDShop\HTDShop\HTDShop\HTDShop-web\src\main\webapp\HTDManager\plugins\select2\js\i18n\tk.js, JavaScript, 0, 0, 1, 0, 0, 0, 0, 1, 1, 3
g:\OneDrive - IZI Cloud\FPT\Sem04\7_Project\HTDShop\HTDShop\HTDShop\HTDShop-web\src\main\webapp\HTDManager\plugins\select2\js\i18n\tr.js, JavaScript, 0, 0, 1, 0, 0, 0, 0, 1, 1, 3
g:\OneDrive - IZI Cloud\FPT\Sem04\7_Project\HTDShop\HTDShop\HTDShop\HTDShop-web\src\main\webapp\HTDManager\plugins\select2\js\i18n\uk.js, JavaScript, 0, 0, 1, 0, 0, 0, 0, 1, 1, 3
g:\OneDrive - IZI Cloud\FPT\Sem04\7_Project\HTDShop\HTDShop\HTDShop\HTDShop-web\src\main\webapp\HTDManager\plugins\select2\js\i18n\vi.js, JavaScript, 0, 0, 1, 0, 0, 0, 0, 1, 1, 3
g:\OneDrive - IZI Cloud\FPT\Sem04\7_Project\HTDShop\HTDShop\HTDShop\HTDShop-web\src\main\webapp\HTDManager\plugins\select2\js\i18n\zh-CN.js, JavaScript, 0, 0, 1, 0, 0, 0, 0, 1, 1, 3
g:\OneDrive - IZI Cloud\FPT\Sem04\7_Project\HTDShop\HTDShop\HTDShop\HTDShop-web\src\main\webapp\HTDManager\plugins\select2\js\i18n\zh-TW.js, JavaScript, 0, 0, 1, 0, 0, 0, 0, 1, 1, 3
g:\OneDrive - IZI Cloud\FPT\Sem04\7_Project\HTDShop\HTDShop\HTDShop\HTDShop-web\src\main\webapp\HTDManager\plugins\select2\js\select2.full.js, JavaScript, 0, 0, 5072, 0, 0, 0, 0, 356, 1329, 6757
g:\OneDrive - IZI Cloud\FPT\Sem04\7_Project\HTDShop\HTDShop\HTDShop\HTDShop-web\src\main\webapp\HTDManager\plugins\select2\js\select2.full.min.js, JavaScript, 0, 0, 1, 0, 0, 0, 0, 1, 0, 2
g:\OneDrive - IZI Cloud\FPT\Sem04\7_Project\HTDShop\HTDShop\HTDShop\HTDShop-web\src\main\webapp\HTDManager\plugins\select2\js\select2.js, JavaScript, 0, 0, 4561, 0, 0, 0, 0, 304, 1180, 6045
g:\OneDrive - IZI Cloud\FPT\Sem04\7_Project\HTDShop\HTDShop\HTDShop\HTDShop-web\src\main\webapp\HTDManager\plugins\select2\js\select2.min.js, JavaScript, 0, 0, 1, 0, 0, 0, 0, 1, 0, 2
g:\OneDrive - IZI Cloud\FPT\Sem04\7_Project\HTDShop\HTDShop\HTDShop\HTDShop-web\src\main\webapp\HTDManager\plugins\summernote\lang\summernote-ar-AR.js, JavaScript, 0, 0, 156, 0, 0, 0, 0, 0, 1, 157
g:\OneDrive - IZI Cloud\FPT\Sem04\7_Project\HTDShop\HTDShop\HTDShop\HTDShop-web\src\main\webapp\HTDManager\plugins\summernote\lang\summernote-ar-AR.min.js, JavaScript, 0, 0, 1, 0, 0, 0, 0, 1, 1, 3
g:\OneDrive - IZI Cloud\FPT\Sem04\7_Project\HTDShop\HTDShop\HTDShop\HTDShop-web\src\main\webapp\HTDManager\plugins\summernote\lang\summernote-bg-BG.js, JavaScript, 0, 0, 156, 0, 0, 0, 0, 0, 1, 157
g:\OneDrive - IZI Cloud\FPT\Sem04\7_Project\HTDShop\HTDShop\HTDShop\HTDShop-web\src\main\webapp\HTDManager\plugins\summernote\lang\summernote-bg-BG.min.js, JavaScript, 0, 0, 1, 0, 0, 0, 0, 1, 1, 3
g:\OneDrive - IZI Cloud\FPT\Sem04\7_Project\HTDShop\HTDShop\HTDShop\HTDShop-web\src\main\webapp\HTDManager\plugins\summernote\lang\summernote-ca-ES.js, JavaScript, 0, 0, 155, 0, 0, 0, 0, 0, 1, 156
g:\OneDrive - IZI Cloud\FPT\Sem04\7_Project\HTDShop\HTDShop\HTDShop\HTDShop-web\src\main\webapp\HTDManager\plugins\summernote\lang\summernote-ca-ES.min.js, JavaScript, 0, 0, 1, 0, 0, 0, 0, 1, 1, 3
g:\OneDrive - IZI Cloud\FPT\Sem04\7_Project\HTDShop\HTDShop\HTDShop\HTDShop-web\src\main\webapp\HTDManager\plugins\summernote\lang\summernote-cs-CZ.js, JavaScript, 0, 0, 150, 0, 0, 0, 0, 0, 1, 151
g:\OneDrive - IZI Cloud\FPT\Sem04\7_Project\HTDShop\HTDShop\HTDShop\HTDShop-web\src\main\webapp\HTDManager\plugins\summernote\lang\summernote-cs-CZ.min.js, JavaScript, 0, 0, 1, 0, 0, 0, 0, 1, 1, 3
g:\OneDrive - IZI Cloud\FPT\Sem04\7_Project\HTDShop\HTDShop\HTDShop\HTDShop-web\src\main\webapp\HTDManager\plugins\summernote\lang\summernote-da-DK.js, JavaScript, 0, 0, 155, 0, 0, 0, 0, 0, 1, 156
g:\OneDrive - IZI Cloud\FPT\Sem04\7_Project\HTDShop\HTDShop\HTDShop\HTDShop-web\src\main\webapp\HTDManager\plugins\summernote\lang\summernote-da-DK.min.js, JavaScript, 0, 0, 1, 0, 0, 0, 0, 1, 1, 3
g:\OneDrive - IZI Cloud\FPT\Sem04\7_Project\HTDShop\HTDShop\HTDShop\HTDShop-web\src\main\webapp\HTDManager\plugins\summernote\lang\summernote-de-DE.js, JavaScript, 0, 0, 156, 0, 0, 0, 0, 0, 1, 157
g:\OneDrive - IZI Cloud\FPT\Sem04\7_Project\HTDShop\HTDShop\HTDShop\HTDShop-web\src\main\webapp\HTDManager\plugins\summernote\lang\summernote-de-DE.min.js, JavaScript, 0, 0, 1, 0, 0, 0, 0, 1, 1, 3
g:\OneDrive - IZI Cloud\FPT\Sem04\7_Project\HTDShop\HTDShop\HTDShop\HTDShop-web\src\main\webapp\HTDManager\plugins\summernote\lang\summernote-el-GR.js, JavaScript, 0, 0, 155, 0, 0, 0, 0, 0, 1, 156
g:\OneDrive - IZI Cloud\FPT\Sem04\7_Project\HTDShop\HTDShop\HTDShop\HTDShop-web\src\main\webapp\HTDManager\plugins\summernote\lang\summernote-el-GR.min.js, JavaScript, 0, 0, 1, 0, 0, 0, 0, 1, 1, 3
g:\OneDrive - IZI Cloud\FPT\Sem04\7_Project\HTDShop\HTDShop\HTDShop\HTDShop-web\src\main\webapp\HTDManager\plugins\summernote\lang\summernote-es-ES.js, JavaScript, 0, 0, 155, 0, 0, 0, 0, 0, 1, 156
g:\OneDrive - IZI Cloud\FPT\Sem04\7_Project\HTDShop\HTDShop\HTDShop\HTDShop-web\src\main\webapp\HTDManager\plugins\summernote\lang\summernote-es-ES.min.js, JavaScript, 0, 0, 1, 0, 0, 0, 0, 1, 1, 3
g:\OneDrive - IZI Cloud\FPT\Sem04\7_Project\HTDShop\HTDShop\HTDShop\HTDShop-web\src\main\webapp\HTDManager\plugins\summernote\lang\summernote-es-EU.js, JavaScript, 0, 0, 154, 0, 0, 0, 0, 0, 1, 155
g:\OneDrive - IZI Cloud\FPT\Sem04\7_Project\HTDShop\HTDShop\HTDShop\HTDShop-web\src\main\webapp\HTDManager\plugins\summernote\lang\summernote-es-EU.min.js, JavaScript, 0, 0, 1, 0, 0, 0, 0, 1, 1, 3
g:\OneDrive - IZI Cloud\FPT\Sem04\7_Project\HTDShop\HTDShop\HTDShop\HTDShop-web\src\main\webapp\HTDManager\plugins\summernote\lang\summernote-fa-IR.js, JavaScript, 0, 0, 155, 0, 0, 0, 0, 0, 1, 156
g:\OneDrive - IZI Cloud\FPT\Sem04\7_Project\HTDShop\HTDShop\HTDShop\HTDShop-web\src\main\webapp\HTDManager\plugins\summernote\lang\summernote-fa-IR.min.js, JavaScript, 0, 0, 1, 0, 0, 0, 0, 1, 1, 3
g:\OneDrive - IZI Cloud\FPT\Sem04\7_Project\HTDShop\HTDShop\HTDShop\HTDShop-web\src\main\webapp\HTDManager\plugins\summernote\lang\summernote-fi-FI.js, JavaScript, 0, 0, 153, 0, 0, 0, 0, 0, 1, 154
g:\OneDrive - IZI Cloud\FPT\Sem04\7_Project\HTDShop\HTDShop\HTDShop\HTDShop-web\src\main\webapp\HTDManager\plugins\summernote\lang\summernote-fi-FI.min.js, JavaScript, 0, 0, 1, 0, 0, 0, 0, 1, 1, 3
g:\OneDrive - IZI Cloud\FPT\Sem04\7_Project\HTDShop\HTDShop\HTDShop\HTDShop-web\src\main\webapp\HTDManager\plugins\summernote\lang\summernote-fr-FR.js, JavaScript, 0, 0, 155, 0, 0, 0, 0, 0, 1, 156
g:\OneDrive - IZI Cloud\FPT\Sem04\7_Project\HTDShop\HTDShop\HTDShop\HTDShop-web\src\main\webapp\HTDManager\plugins\summernote\lang\summernote-fr-FR.min.js, JavaScript, 0, 0, 1, 0, 0, 0, 0, 1, 1, 3
g:\OneDrive - IZI Cloud\FPT\Sem04\7_Project\HTDShop\HTDShop\HTDShop\HTDShop-web\src\main\webapp\HTDManager\plugins\summernote\lang\summernote-gl-ES.js, JavaScript, 0, 0, 155, 0, 0, 0, 0, 0, 1, 156
g:\OneDrive - IZI Cloud\FPT\Sem04\7_Project\HTDShop\HTDShop\HTDShop\HTDShop-web\src\main\webapp\HTDManager\plugins\summernote\lang\summernote-gl-ES.min.js, JavaScript, 0, 0, 1, 0, 0, 0, 0, 1, 1, 3
g:\OneDrive - IZI Cloud\FPT\Sem04\7_Project\HTDShop\HTDShop\HTDShop\HTDShop-web\src\main\webapp\HTDManager\plugins\summernote\lang\summernote-he-IL.js, JavaScript, 0, 0, 155, 0, 0, 0, 0, 0, 1, 156
g:\OneDrive - IZI Cloud\FPT\Sem04\7_Project\HTDShop\HTDShop\HTDShop\HTDShop-web\src\main\webapp\HTDManager\plugins\summernote\lang\summernote-he-IL.min.js, JavaScript, 0, 0, 1, 0, 0, 0, 0, 1, 1, 3
g:\OneDrive - IZI Cloud\FPT\Sem04\7_Project\HTDShop\HTDShop\HTDShop\HTDShop-web\src\main\webapp\HTDManager\plugins\summernote\lang\summernote-hr-HR.js, JavaScript, 0, 0, 155, 0, 0, 0, 0, 0, 1, 156
g:\OneDrive - IZI Cloud\FPT\Sem04\7_Project\HTDShop\HTDShop\HTDShop\HTDShop-web\src\main\webapp\HTDManager\plugins\summernote\lang\summernote-hr-HR.min.js, JavaScript, 0, 0, 1, 0, 0, 0, 0, 1, 1, 3
g:\OneDrive - IZI Cloud\FPT\Sem04\7_Project\HTDShop\HTDShop\HTDShop\HTDShop-web\src\main\webapp\HTDManager\plugins\summernote\lang\summernote-hu-HU.js, JavaScript, 0, 0, 155, 0, 0, 0, 0, 0, 1, 156
g:\OneDrive - IZI Cloud\FPT\Sem04\7_Project\HTDShop\HTDShop\HTDShop\HTDShop-web\src\main\webapp\HTDManager\plugins\summernote\lang\summernote-hu-HU.min.js, JavaScript, 0, 0, 1, 0, 0, 0, 0, 1, 1, 3
g:\OneDrive - IZI Cloud\FPT\Sem04\7_Project\HTDShop\HTDShop\HTDShop\HTDShop-web\src\main\webapp\HTDManager\plugins\summernote\lang\summernote-id-ID.js, JavaScript, 0, 0, 155, 0, 0, 0, 0, 0, 1, 156
g:\OneDrive - IZI Cloud\FPT\Sem04\7_Project\HTDShop\HTDShop\HTDShop\HTDShop-web\src\main\webapp\HTDManager\plugins\summernote\lang\summernote-id-ID.min.js, JavaScript, 0, 0, 1, 0, 0, 0, 0, 1, 1, 3
g:\OneDrive - IZI Cloud\FPT\Sem04\7_Project\HTDShop\HTDShop\HTDShop\HTDShop-web\src\main\webapp\HTDManager\plugins\summernote\lang\summernote-it-IT.js, JavaScript, 0, 0, 155, 0, 0, 0, 0, 0, 1, 156
g:\OneDrive - IZI Cloud\FPT\Sem04\7_Project\HTDShop\HTDShop\HTDShop\HTDShop-web\src\main\webapp\HTDManager\plugins\summernote\lang\summernote-it-IT.min.js, JavaScript, 0, 0, 1, 0, 0, 0, 0, 1, 1, 3
g:\OneDrive - IZI Cloud\FPT\Sem04\7_Project\HTDShop\HTDShop\HTDShop\HTDShop-web\src\main\webapp\HTDManager\plugins\summernote\lang\summernote-ja-JP.js, JavaScript, 0, 0, 155, 0, 0, 0, 0, 0, 1, 156
g:\OneDrive - IZI Cloud\FPT\Sem04\7_Project\HTDShop\HTDShop\HTDShop\HTDShop-web\src\main\webapp\HTDManager\plugins\summernote\lang\summernote-ja-JP.min.js, JavaScript, 0, 0, 1, 0, 0, 0, 0, 1, 1, 3
g:\OneDrive - IZI Cloud\FPT\Sem04\7_Project\HTDShop\HTDShop\HTDShop\HTDShop-web\src\main\webapp\HTDManager\plugins\summernote\lang\summernote-ko-KR.js, JavaScript, 0, 0, 157, 0, 0, 0, 0, 0, 1, 158
g:\OneDrive - IZI Cloud\FPT\Sem04\7_Project\HTDShop\HTDShop\HTDShop\HTDShop-web\src\main\webapp\HTDManager\plugins\summernote\lang\summernote-ko-KR.min.js, JavaScript, 0, 0, 1, 0, 0, 0, 0, 1, 1, 3
g:\OneDrive - IZI Cloud\FPT\Sem04\7_Project\HTDShop\HTDShop\HTDShop\HTDShop-web\src\main\webapp\HTDManager\plugins\summernote\lang\summernote-lt-LT.js, JavaScript, 0, 0, 155, 0, 0, 0, 0, 0, 1, 156
g:\OneDrive - IZI Cloud\FPT\Sem04\7_Project\HTDShop\HTDShop\HTDShop\HTDShop-web\src\main\webapp\HTDManager\plugins\summernote\lang\summernote-lt-LT.min.js, JavaScript, 0, 0, 1, 0, 0, 0, 0, 1, 1, 3
g:\OneDrive - IZI Cloud\FPT\Sem04\7_Project\HTDShop\HTDShop\HTDShop\HTDShop-web\src\main\webapp\HTDManager\plugins\summernote\lang\summernote-lt-LV.js, JavaScript, 0, 0, 155, 0, 0, 0, 0, 0, 1, 156
g:\OneDrive - IZI Cloud\FPT\Sem04\7_Project\HTDShop\HTDShop\HTDShop\HTDShop-web\src\main\webapp\HTDManager\plugins\summernote\lang\summernote-lt-LV.min.js, JavaScript, 0, 0, 1, 0, 0, 0, 0, 1, 1, 3
g:\OneDrive - IZI Cloud\FPT\Sem04\7_Project\HTDShop\HTDShop\HTDShop\HTDShop-web\src\main\webapp\HTDManager\plugins\summernote\lang\summernote-mn-MN.js, JavaScript, 0, 0, 155, 0, 0, 0, 0, 1, 2, 158
g:\OneDrive - IZI Cloud\FPT\Sem04\7_Project\HTDShop\HTDShop\HTDShop\HTDShop-web\src\main\webapp\HTDManager\plugins\summernote\lang\summernote-mn-MN.min.js, JavaScript, 0, 0, 1, 0, 0, 0, 0, 1, 1, 3
g:\OneDrive - IZI Cloud\FPT\Sem04\7_Project\HTDShop\HTDShop\HTDShop\HTDShop-web\src\main\webapp\HTDManager\plugins\summernote\lang\summernote-nb-NO.js, JavaScript, 0, 0, 154, 0, 0, 0, 0, 0, 1, 155
g:\OneDrive - IZI Cloud\FPT\Sem04\7_Project\HTDShop\HTDShop\HTDShop\HTDShop-web\src\main\webapp\HTDManager\plugins\summernote\lang\summernote-nb-NO.min.js, JavaScript, 0, 0, 1, 0, 0, 0, 0, 1, 1, 3
g:\OneDrive - IZI Cloud\FPT\Sem04\7_Project\HTDShop\HTDShop\HTDShop\HTDShop-web\src\main\webapp\HTDManager\plugins\summernote\lang\summernote-nl-NL.js, JavaScript, 0, 0, 155, 0, 0, 0, 0, 0, 1, 156
g:\OneDrive - IZI Cloud\FPT\Sem04\7_Project\HTDShop\HTDShop\HTDShop\HTDShop-web\src\main\webapp\HTDManager\plugins\summernote\lang\summernote-nl-NL.min.js, JavaScript, 0, 0, 1, 0, 0, 0, 0, 1, 1, 3
g:\OneDrive - IZI Cloud\FPT\Sem04\7_Project\HTDShop\HTDShop\HTDShop\HTDShop-web\src\main\webapp\HTDManager\plugins\summernote\lang\summernote-pl-PL.js, JavaScript, 0, 0, 155, 0, 0, 0, 0, 0, 1, 156
g:\OneDrive - IZI Cloud\FPT\Sem04\7_Project\HTDShop\HTDShop\HTDShop\HTDShop-web\src\main\webapp\HTDManager\plugins\summernote\lang\summernote-pl-PL.min.js, JavaScript, 0, 0, 1, 0, 0, 0, 0, 1, 1, 3
g:\OneDrive - IZI Cloud\FPT\Sem04\7_Project\HTDShop\HTDShop\HTDShop\HTDShop-web\src\main\webapp\HTDManager\plugins\summernote\lang\summernote-pt-BR.js, JavaScript, 0, 0, 156, 0, 0, 0, 0, 0, 1, 157
g:\OneDrive - IZI Cloud\FPT\Sem04\7_Project\HTDShop\HTDShop\HTDShop\HTDShop-web\src\main\webapp\HTDManager\plugins\summernote\lang\summernote-pt-BR.min.js, JavaScript, 0, 0, 1, 0, 0, 0, 0, 1, 1, 3
g:\OneDrive - IZI Cloud\FPT\Sem04\7_Project\HTDShop\HTDShop\HTDShop\HTDShop-web\src\main\webapp\HTDManager\plugins\summernote\lang\summernote-pt-PT.js, JavaScript, 0, 0, 155, 0, 0, 0, 0, 0, 1, 156
g:\OneDrive - IZI Cloud\FPT\Sem04\7_Project\HTDShop\HTDShop\HTDShop\HTDShop-web\src\main\webapp\HTDManager\plugins\summernote\lang\summernote-pt-PT.min.js, JavaScript, 0, 0, 1, 0, 0, 0, 0, 1, 1, 3
g:\OneDrive - IZI Cloud\FPT\Sem04\7_Project\HTDShop\HTDShop\HTDShop\HTDShop-web\src\main\webapp\HTDManager\plugins\summernote\lang\summernote-ro-RO.js, JavaScript, 0, 0, 155, 0, 0, 0, 0, 0, 1, 156
g:\OneDrive - IZI Cloud\FPT\Sem04\7_Project\HTDShop\HTDShop\HTDShop\HTDShop-web\src\main\webapp\HTDManager\plugins\summernote\lang\summernote-ro-RO.min.js, JavaScript, 0, 0, 1, 0, 0, 0, 0, 1, 1, 3
g:\OneDrive - IZI Cloud\FPT\Sem04\7_Project\HTDShop\HTDShop\HTDShop\HTDShop-web\src\main\webapp\HTDManager\plugins\summernote\lang\summernote-ru-RU.js, JavaScript, 0, 0, 155, 0, 0, 0, 0, 0, 1, 156
g:\OneDrive - IZI Cloud\FPT\Sem04\7_Project\HTDShop\HTDShop\HTDShop\HTDShop-web\src\main\webapp\HTDManager\plugins\summernote\lang\summernote-ru-RU.min.js, JavaScript, 0, 0, 1, 0, 0, 0, 0, 1, 1, 3
g:\OneDrive - IZI Cloud\FPT\Sem04\7_Project\HTDShop\HTDShop\HTDShop\HTDShop-web\src\main\webapp\HTDManager\plugins\summernote\lang\summernote-sk-SK.js, JavaScript, 0, 0, 153, 0, 0, 0, 0, 0, 1, 154
g:\OneDrive - IZI Cloud\FPT\Sem04\7_Project\HTDShop\HTDShop\HTDShop\HTDShop-web\src\main\webapp\HTDManager\plugins\summernote\lang\summernote-sk-SK.min.js, JavaScript, 0, 0, 1, 0, 0, 0, 0, 1, 1, 3
g:\OneDrive - IZI Cloud\FPT\Sem04\7_Project\HTDShop\HTDShop\HTDShop\HTDShop-web\src\main\webapp\HTDManager\plugins\summernote\lang\summernote-sl-SI.js, JavaScript, 0, 0, 155, 0, 0, 0, 0, 0, 1, 156
g:\OneDrive - IZI Cloud\FPT\Sem04\7_Project\HTDShop\HTDShop\HTDShop\HTDShop-web\src\main\webapp\HTDManager\plugins\summernote\lang\summernote-sl-SI.min.js, JavaScript, 0, 0, 1, 0, 0, 0, 0, 1, 1, 3
g:\OneDrive - IZI Cloud\FPT\Sem04\7_Project\HTDShop\HTDShop\HTDShop\HTDShop-web\src\main\webapp\HTDManager\plugins\summernote\lang\summernote-sr-RS-Latin.js, JavaScript, 0, 0, 155, 0, 0, 0, 0, 0, 1, 156
g:\OneDrive - IZI Cloud\FPT\Sem04\7_Project\HTDShop\HTDShop\HTDShop\HTDShop-web\src\main\webapp\HTDManager\plugins\summernote\lang\summernote-sr-RS-Latin.min.js, JavaScript, 0, 0, 1, 0, 0, 0, 0, 1, 1, 3
g:\OneDrive - IZI Cloud\FPT\Sem04\7_Project\HTDShop\HTDShop\HTDShop\HTDShop-web\src\main\webapp\HTDManager\plugins\summernote\lang\summernote-sr-RS.js, JavaScript, 0, 0, 155, 0, 0, 0, 0, 0, 1, 156
g:\OneDrive - IZI Cloud\FPT\Sem04\7_Project\HTDShop\HTDShop\HTDShop\HTDShop-web\src\main\webapp\HTDManager\plugins\summernote\lang\summernote-sr-RS.min.js, JavaScript, 0, 0, 1, 0, 0, 0, 0, 1, 1, 3
g:\OneDrive - IZI Cloud\FPT\Sem04\7_Project\HTDShop\HTDShop\HTDShop\HTDShop-web\src\main\webapp\HTDManager\plugins\summernote\lang\summernote-sv-SE.js, JavaScript, 0, 0, 155, 0, 0, 0, 0, 0, 1, 156
g:\OneDrive - IZI Cloud\FPT\Sem04\7_Project\HTDShop\HTDShop\HTDShop\HTDShop-web\src\main\webapp\HTDManager\plugins\summernote\lang\summernote-sv-SE.min.js, JavaScript, 0, 0, 1, 0, 0, 0, 0, 1, 1, 3
g:\OneDrive - IZI Cloud\FPT\Sem04\7_Project\HTDShop\HTDShop\HTDShop\HTDShop-web\src\main\webapp\HTDManager\plugins\summernote\lang\summernote-ta-IN.js, JavaScript, 0, 0, 155, 0, 0, 0, 0, 0, 1, 156
g:\OneDrive - IZI Cloud\FPT\Sem04\7_Project\HTDShop\HTDShop\HTDShop\HTDShop-web\src\main\webapp\HTDManager\plugins\summernote\lang\summernote-ta-IN.min.js, JavaScript, 0, 0, 1, 0, 0, 0, 0, 1, 1, 3
g:\OneDrive - IZI Cloud\FPT\Sem04\7_Project\HTDShop\HTDShop\HTDShop\HTDShop-web\src\main\webapp\HTDManager\plugins\summernote\lang\summernote-th-TH.js, JavaScript, 0, 0, 155, 0, 0, 0, 0, 0, 1, 156
g:\OneDrive - IZI Cloud\FPT\Sem04\7_Project\HTDShop\HTDShop\HTDShop\HTDShop-web\src\main\webapp\HTDManager\plugins\summernote\lang\summernote-th-TH.min.js, JavaScript, 0, 0, 1, 0, 0, 0, 0, 1, 1, 3
g:\OneDrive - IZI Cloud\FPT\Sem04\7_Project\HTDShop\HTDShop\HTDShop\HTDShop-web\src\main\webapp\HTDManager\plugins\summernote\lang\summernote-tr-TR.js, JavaScript, 0, 0, 155, 0, 0, 0, 0, 0, 1, 156
g:\OneDrive - IZI Cloud\FPT\Sem04\7_Project\HTDShop\HTDShop\HTDShop\HTDShop-web\src\main\webapp\HTDManager\plugins\summernote\lang\summernote-tr-TR.min.js, JavaScript, 0, 0, 1, 0, 0, 0, 0, 1, 1, 3
g:\OneDrive - IZI Cloud\FPT\Sem04\7_Project\HTDShop\HTDShop\HTDShop\HTDShop-web\src\main\webapp\HTDManager\plugins\summernote\lang\summernote-uk-UA.js, JavaScript, 0, 0, 155, 0, 0, 0, 0, 0, 1, 156
g:\OneDrive - IZI Cloud\FPT\Sem04\7_Project\HTDShop\HTDShop\HTDShop\HTDShop-web\src\main\webapp\HTDManager\plugins\summernote\lang\summernote-uk-UA.min.js, JavaScript, 0, 0, 1, 0, 0, 0, 0, 1, 1, 3
g:\OneDrive - IZI Cloud\FPT\Sem04\7_Project\HTDShop\HTDShop\HTDShop\HTDShop-web\src\main\webapp\HTDManager\plugins\summernote\lang\summernote-uz-UZ.js, JavaScript, 0, 0, 112, 0, 0, 0, 0, 0, 1, 113
g:\OneDrive - IZI Cloud\FPT\Sem04\7_Project\HTDShop\HTDShop\HTDShop\HTDShop-web\src\main\webapp\HTDManager\plugins\summernote\lang\summernote-uz-UZ.min.js, JavaScript, 0, 0, 1, 0, 0, 0, 0, 1, 1, 3
g:\OneDrive - IZI Cloud\FPT\Sem04\7_Project\HTDShop\HTDShop\HTDShop\HTDShop-web\src\main\webapp\HTDManager\plugins\summernote\lang\summernote-vi-VN.js, JavaScript, 0, 0, 155, 0, 0, 0, 0, 0, 1, 156
g:\OneDrive - IZI Cloud\FPT\Sem04\7_Project\HTDShop\HTDShop\HTDShop\HTDShop-web\src\main\webapp\HTDManager\plugins\summernote\lang\summernote-vi-VN.min.js, JavaScript, 0, 0, 1, 0, 0, 0, 0, 1, 1, 3
g:\OneDrive - IZI Cloud\FPT\Sem04\7_Project\HTDShop\HTDShop\HTDShop\HTDShop-web\src\main\webapp\HTDManager\plugins\summernote\lang\summernote-zh-CN.js, JavaScript, 0, 0, 155, 0, 0, 0, 0, 0, 1, 156
g:\OneDrive - IZI Cloud\FPT\Sem04\7_Project\HTDShop\HTDShop\HTDShop\HTDShop-web\src\main\webapp\HTDManager\plugins\summernote\lang\summernote-zh-CN.min.js, JavaScript, 0, 0, 1, 0, 0, 0, 0, 1, 1, 3
g:\OneDrive - IZI Cloud\FPT\Sem04\7_Project\HTDShop\HTDShop\HTDShop\HTDShop-web\src\main\webapp\HTDManager\plugins\summernote\lang\summernote-zh-TW.js, JavaScript, 0, 0, 155, 0, 0, 0, 0, 0, 1, 156
g:\OneDrive - IZI Cloud\FPT\Sem04\7_Project\HTDShop\HTDShop\HTDShop\HTDShop-web\src\main\webapp\HTDManager\plugins\summernote\lang\summernote-zh-TW.min.js, JavaScript, 0, 0, 1, 0, 0, 0, 0, 1, 1, 3
g:\OneDrive - IZI Cloud\FPT\Sem04\7_Project\HTDShop\HTDShop\HTDShop\HTDShop-web\src\main\webapp\HTDManager\plugins\summernote\summernote-bs4.css, CSS, 0, 1, 0, 0, 0, 0, 0, 0, 0, 1
g:\OneDrive - IZI Cloud\FPT\Sem04\7_Project\HTDShop\HTDShop\HTDShop\HTDShop-web\src\main\webapp\HTDManager\plugins\summernote\summernote-bs4.js, JavaScript, 0, 0, 6099, 0, 0, 0, 0, 1629, 41, 7769
g:\OneDrive - IZI Cloud\FPT\Sem04\7_Project\HTDShop\HTDShop\HTDShop\HTDShop-web\src\main\webapp\HTDManager\plugins\summernote\summernote-bs4.min.js, JavaScript, 0, 0, 1, 0, 0, 0, 0, 1, 1, 3
g:\OneDrive - IZI Cloud\FPT\Sem04\7_Project\HTDShop\HTDShop\HTDShop\HTDShop-web\src\main\webapp\HTDManager\plugins\summernote\summernote-lite.css, CSS, 0, 1, 0, 0, 0, 0, 0, 0, 0, 1
g:\OneDrive - IZI Cloud\FPT\Sem04\7_Project\HTDShop\HTDShop\HTDShop\HTDShop-web\src\main\webapp\HTDManager\plugins\summernote\summernote-lite.js, JavaScript, 0, 0, 6508, 0, 0, 0, 0, 1760, 44, 8312
g:\OneDrive - IZI Cloud\FPT\Sem04\7_Project\HTDShop\HTDShop\HTDShop\HTDShop-web\src\main\webapp\HTDManager\plugins\summernote\summernote-lite.min.js, JavaScript, 0, 0, 1, 0, 0, 0, 0, 1, 1, 3
g:\OneDrive - IZI Cloud\FPT\Sem04\7_Project\HTDShop\HTDShop\HTDShop\HTDShop-web\src\main\webapp\HTDManager\plugins\summernote\summernote.css, CSS, 0, 1, 0, 0, 0, 0, 0, 0, 0, 1
g:\OneDrive - IZI Cloud\FPT\Sem04\7_Project\HTDShop\HTDShop\HTDShop\HTDShop-web\src\main\webapp\HTDManager\plugins\summernote\summernote.js, JavaScript, 0, 0, 6098, 0, 0, 0, 0, 1624, 41, 7763
g:\OneDrive - IZI Cloud\FPT\Sem04\7_Project\HTDShop\HTDShop\HTDShop\HTDShop-web\src\main\webapp\HTDManager\plugins\summernote\summernote.min.js, JavaScript, 0, 0, 1, 0, 0, 0, 0, 1, 1, 3
g:\OneDrive - IZI Cloud\FPT\Sem04\7_Project\HTDShop\HTDShop\HTDShop\HTDShop-web\src\main\webapp\HTDManager\plugins\sweetalert2-theme-bootstrap-4\bootstrap-4.css, CSS, 0, 1381, 0, 0, 0, 0, 0, 5, 83, 1469
g:\OneDrive - IZI Cloud\FPT\Sem04\7_Project\HTDShop\HTDShop\HTDShop\HTDShop-web\src\main\webapp\HTDManager\plugins\sweetalert2-theme-bootstrap-4\bootstrap-4.min.css, CSS, 0, 1, 0, 0, 0, 0, 0, 0, 0, 1
g:\OneDrive - IZI Cloud\FPT\Sem04\7_Project\HTDShop\HTDShop\HTDShop\HTDShop-web\src\main\webapp\HTDManager\plugins\sweetalert2-theme-bootstrap-4\bootstrap-4.scss, SCSS, 0, 0, 0, 0, 547, 0, 0, 25, 115, 687
g:\OneDrive - IZI Cloud\FPT\Sem04\7_Project\HTDShop\HTDShop\HTDShop\HTDShop-web\src\main\webapp\HTDManager\plugins\sweetalert2\sweetalert2.all.js, JavaScript, 0, 0, 2159, 0, 0, 0, 0, 248, 509, 2916
g:\OneDrive - IZI Cloud\FPT\Sem04\7_Project\HTDShop\HTDShop\HTDShop\HTDShop-web\src\main\webapp\HTDManager\plugins\sweetalert2\sweetalert2.all.min.js, JavaScript, 0, 0, 2, 0, 0, 0, 0, 0, 0, 2
g:\OneDrive - IZI Cloud\FPT\Sem04\7_Project\HTDShop\HTDShop\HTDShop\HTDShop-web\src\main\webapp\HTDManager\plugins\sweetalert2\sweetalert2.css, CSS, 0, 1334, 0, 0, 0, 0, 0, 1, 28, 1363
g:\OneDrive - IZI Cloud\FPT\Sem04\7_Project\HTDShop\HTDShop\HTDShop\HTDShop-web\src\main\webapp\HTDManager\plugins\sweetalert2\sweetalert2.js, JavaScript, 0, 0, 2159, 0, 0, 0, 0, 247, 509, 2915
g:\OneDrive - IZI Cloud\FPT\Sem04\7_Project\HTDShop\HTDShop\HTDShop\HTDShop-web\src\main\webapp\HTDManager\plugins\sweetalert2\sweetalert2.min.css, CSS, 0, 1, 0, 0, 0, 0, 0, 0, 0, 1
g:\OneDrive - IZI Cloud\FPT\Sem04\7_Project\HTDShop\HTDShop\HTDShop\HTDShop-web\src\main\webapp\HTDManager\plugins\sweetalert2\sweetalert2.min.js, JavaScript, 0, 0, 1, 0, 0, 0, 0, 0, 0, 1
g:\OneDrive - IZI Cloud\FPT\Sem04\7_Project\HTDShop\HTDShop\HTDShop\HTDShop-web\src\main\webapp\HTDManager\plugins\toastr\toastr.css, CSS, 0, 223, 0, 0, 0, 0, 0, 5, 1, 229
g:\OneDrive - IZI Cloud\FPT\Sem04\7_Project\HTDShop\HTDShop\HTDShop\HTDShop-web\src\main\webapp\HTDManager\plugins\toastr\toastr.min.css, CSS, 0, 1, 0, 0, 0, 0, 0, 0, 0, 1
g:\OneDrive - IZI Cloud\FPT\Sem04\7_Project\HTDShop\HTDShop\HTDShop\HTDShop-web\src\main\webapp\HTDManager\plugins\toastr\toastr.min.js, JavaScript, 0, 0, 1, 0, 0, 0, 0, 1, 1, 3
g:\OneDrive - IZI Cloud\FPT\Sem04\7_Project\HTDShop\HTDShop\HTDShop\HTDShop-web\src\main\webapp\HTDManager\product.html, HTML, 198, 0, 0, 0, 0, 0, 0, 45, 16, 259
g:\OneDrive - IZI Cloud\FPT\Sem04\7_Project\HTDShop\HTDShop\HTDShop\HTDShop-web\src\main\webapp\HTDManager\product_add.html, HTML, 130, 0, 0, 0, 0, 0, 0, 25, 13, 168
g:\OneDrive - IZI Cloud\FPT\Sem04\7_Project\HTDShop\HTDShop\HTDShop\HTDShop-web\src\main\webapp\HTDManager\product_edit.html, HTML, 98, 0, 0, 0, 0, 0, 0, 13, 12, 123
g:\OneDrive - IZI Cloud\FPT\Sem04\7_Project\HTDShop\HTDShop\HTDShop\HTDShop-web\src\main\webapp\HTDManager\product_edit_template.html, HTML, 260, 0, 0, 0, 0, 0, 0, 21, 11, 292
g:\OneDrive - IZI Cloud\FPT\Sem04\7_Project\HTDShop\HTDShop\HTDShop\HTDShop-web\src\main\webapp\HTDManager\product_template.html, HTML, 714, 0, 0, 0, 0, 0, 0, 150, 38, 902
g:\OneDrive - IZI Cloud\FPT\Sem04\7_Project\HTDShop\HTDShop\HTDShop\HTDShop-web\src\main\webapp\HTDManager\promotion.html, HTML, 195, 0, 0, 0, 0, 0, 0, 1, 20, 216
g:\OneDrive - IZI Cloud\FPT\Sem04\7_Project\HTDShop\HTDShop\HTDShop\HTDShop-web\src\main\webapp\HTDManager\promotion_template.html, HTML, 714, 0, 0, 0, 0, 0, 0, 26, 50, 790
g:\OneDrive - IZI Cloud\FPT\Sem04\7_Project\HTDShop\HTDShop\HTDShop\HTDShop-web\src\main\webapp\HTDManager\role.html, HTML, 170, 0, 0, 0, 0, 0, 0, 1, 20, 191
g:\OneDrive - IZI Cloud\FPT\Sem04\7_Project\HTDShop\HTDShop\HTDShop\HTDShop-web\src\main\webapp\HTDManager\role_template.html, HTML, 121, 0, 0, 0, 0, 0, 0, 1, 15, 137
Total, -, 4339, 60395, 120032, 20, 547, 8954, 6, 28853, 32724, 255870